employee_code,full_name,client_code,branch_name,personal_email,phone_number,date_of_birth,date_of_joining,designation,employment_model,prior_employment_flag,residential_address,bank_account_number,bank_ifsc,bank_name,bank_branch,account_holder_name,pan_number,basic_pay,hra,conveyance,da,medical_allowance,special_allowance,other_additions,pf_applicable,eps_applicable,esi_applicable,pt_applicable,lwf_applicable,tds_applicable,uan_mode,uan_number,esi_mode,esic_number,tds_regime,gratuity_mode,lop_basis_days,declarations_accepted,reporting_manager_code,health_insurance_provider,health_insurance_policy_no,health_insurance_sum_insured,probation_end_date,attendance_tracking_start_date
BLK-0001,"Saurabh Sehgal",TVG-001,"Chennai HQ",blk.saurabh.1@example.com,8000000001,1994-02-07,2025-12-04,"Directory Assistance Operator",agency_contract,1,"29, Aisha Villas, Andheri Darjeeling - 484299",100000000001,HDFC0001234,"HDFC Bank","Main Branch","Saurabh Sehgal",XOOUJ0001S,20000,8000,1600,0,1250,2500,0,1,1,1,1,1,1,new,,new,,new,part_of_ctc,30,1,,"Star Health",POL-999,500000,,2025-12-04
BLK-0002,"Mona Bhavsar",TVG-001,"Chennai HQ",blk.mona.2@example.com,8000000002,1996-01-31,2024-10-29,"Material Moving Worker",agency_contract,1,"31, Jamshed Society, Arun Chowk Indore - 500412",100000000002,HDFC0001234,"HDFC Bank","Main Branch","Mona Bhavsar",INNNX0002U,20000,8000,1600,0,1250,2500,0,1,1,1,1,1,1,new,,new,,new,part_of_ctc,30,1,,"Star Health",POL-999,500000,,2024-10-29
BLK-0003,"Bharat Srinivas",TVG-001,"Chennai HQ",blk.bharat.3@example.com,8000000003,1988-11-04,2026-05-11,"Business Teacher",agency_contract,1,"46, Vimala Apartments, Dadar Hyderabad - 450702",100000000003,HDFC0001234,"HDFC Bank","Main Branch","Bharat Srinivas",VFOYC0003G,20000,8000,1600,0,1250,2500,0,1,1,1,1,1,1,new,,new,,new,part_of_ctc,30,1,,"Star Health",POL-999,500000,,2026-05-11
BLK-0004,"Nalini Bhatt",TVG-001,"Chennai HQ",blk.nalini.4@example.com,8000000004,1988-12-23,2025-08-18,"Marine Cargo Inspector",agency_contract,1,"92, Vaishali Society, Mukund Nagar Gandhinagar - 115186",100000000004,HDFC0001234,"HDFC Bank","Main Branch","Nalini Bhatt",ESUHG0004Q,20000,8000,1600,0,1250,2500,0,1,1,1,1,1,1,new,,new,,new,part_of_ctc,30,1,,"Star Health",POL-999,500000,,2025-08-18
BLK-0005,"Bagwati Chopra",TVG-001,"Chennai HQ",blk.bagwati.5@example.com,8000000005,1994-03-17,2024-11-22,"Ship Captain",agency_contract,1,"59, Aundh, Kanpur - 170459",100000000005,HDFC0001234,"HDFC Bank","Main Branch","Bagwati Chopra",FHSEO0005V,20000,8000,1600,0,1250,2500,0,1,1,1,1,1,1,new,,new,,new,part_of_ctc,30,1,,"Star Health",POL-999,500000,,2024-11-22
BLK-0006,"Sharad Dhillon",TVG-001,"Chennai HQ",blk.sharad.6@example.com,8000000006,1998-04-22,2025-07-26,"Telephone Station Installer and Repairer",agency_contract,1,"23, UrmiGarh, Nagpur - 465501",100000000006,HDFC0001234,"HDFC Bank","Main Branch","Sharad Dhillon",QOHBY0006N,20000,8000,1600,0,1250,2500,0,1,1,1,1,1,1,new,,new,,new,part_of_ctc,30,1,,"Star Health",POL-999,500000,,2025-07-26
BLK-0007,"Usman Patel",TVG-001,"Chennai HQ",blk.usman.7@example.com,8000000007,2004-05-08,2025-02-20,"Automotive Specialty Technician",agency_contract,1,"63, Zaad Nagar, Alwar - 567766",100000000007,HDFC0001234,"HDFC Bank","Main Branch","Usman Patel",AUKXR0007H,20000,8000,1600,0,1250,2500,0,1,1,1,1,1,1,new,,new,,new,part_of_ctc,30,1,,"Star Health",POL-999,500000,,2025-02-20
BLK-0008,"Jaswant Mathai",TVG-001,"Chennai HQ",blk.jaswant.8@example.com,8000000008,1995-01-17,2025-11-03,"Pipelaying Fitter",agency_contract,1,"10, Geetanjali Chowk, Nagpur - 235794",100000000008,HDFC0001234,"HDFC Bank","Main Branch","Jaswant Mathai",HXIJC0008R,20000,8000,1600,0,1250,2500,0,1,1,1,1,1,1,new,,new,,new,part_of_ctc,30,1,,"Star Health",POL-999,500000,,2025-11-03
BLK-0009,"Madhu Surana",TVG-001,"Chennai HQ",blk.madhu.9@example.com,8000000009,2004-05-16,2025-08-26,"School Bus Driver",agency_contract,1,"15, NishthaGunj, Pune - 497649",100000000009,HDFC0001234,"HDFC Bank","Main Branch","Madhu Surana",GQWOT0009P,20000,8000,1600,0,1250,2500,0,1,1,1,1,1,1,new,,new,,new,part_of_ctc,30,1,,"Star Health",POL-999,500000,,2025-08-26
BLK-0010,"Neha Dara",TVG-001,"Chennai HQ",blk.neha.10@example.com,8000000010,1990-07-26,2024-12-21,"Extruding and Drawing Machine Operator",agency_contract,1,"11, Jamshed Villas, PushpaGunj Jammu - 181205",100000000010,HDFC0001234,"HDFC Bank","Main Branch","Neha Dara",SYNSO0010K,20000,8000,1600,0,1250,2500,0,1,1,1,1,1,1,new,,new,,new,part_of_ctc,30,1,,"Star Health",POL-999,500000,,2024-12-21
BLK-0011,"Prasoon Lalla",TVG-001,"Chennai HQ",blk.prasoon.11@example.com,8000000011,1988-11-05,2024-08-13,"Marine Oiler",agency_contract,1,"70, SukritiPur, Noida - 484849",100000000011,HDFC0001234,"HDFC Bank","Main Branch","Prasoon Lalla",BFTDD0011I,20000,8000,1600,0,1250,2500,0,1,1,1,1,1,1,new,,new,,new,part_of_ctc,30,1,,"Star Health",POL-999,500000,,2024-08-13
BLK-0012,"Bhairavi Chandra",TVG-001,"Chennai HQ",blk.bhairavi.12@example.com,8000000012,1999-06-27,2024-11-23,"Animal Scientist",agency_contract,1,"98, DhirajGarh, Nashik - 134988",100000000012,HDFC0001234,"HDFC Bank","Main Branch","Bhairavi Chandra",QARSE0012M,20000,8000,1600,0,1250,2500,0,1,1,1,1,1,1,new,,new,,new,part_of_ctc,30,1,,"Star Health",POL-999,500000,,2024-11-23
BLK-0013,"Devika Varghese",TVG-001,"Chennai HQ",blk.devika.13@example.com,8000000013,2002-06-04,2024-11-13,"Protective Service Worker",agency_contract,1,"38, Runjhun Chowk, Kanpur - 492985",100000000013,HDFC0001234,"HDFC Bank","Main Branch","Devika Varghese",XSNGM0013M,20000,8000,1600,0,1250,2500,0,1,1,1,1,1,1,new,,new,,new,part_of_ctc,30,1,,"Star Health",POL-999,500000,,2024-11-13
BLK-0014,"Radhika Gill",TVG-001,"Chennai HQ",blk.radhika.14@example.com,8000000014,1996-06-21,2026-06-10,Cabinetmaker,agency_contract,1,"57, Neela Apartments, AatifGunj Chandigarh - 506708",100000000014,HDFC0001234,"HDFC Bank","Main Branch","Radhika Gill",SLKGO0014Y,20000,8000,1600,0,1250,2500,0,1,1,1,1,1,1,new,,new,,new,part_of_ctc,30,1,,"Star Health",POL-999,500000,,2026-06-10
BLK-0015,"Aadish Narine",TVG-001,"Chennai HQ",blk.aadish.15@example.com,8000000015,2003-10-19,2025-03-19,Physician,agency_contract,1,"73, Yash Villas, Roma Nagar Rajkot - 306616",100000000015,HDFC0001234,"HDFC Bank","Main Branch","Aadish Narine",GVION0015G,20000,8000,1600,0,1250,2500,0,1,1,1,1,1,1,new,,new,,new,part_of_ctc,30,1,,"Star Health",POL-999,500000,,2025-03-19
BLK-0016,"Gaurav Murthy",TVG-001,"Chennai HQ",blk.gaurav.16@example.com,8000000016,1996-10-31,2025-01-10,"Metal Worker",agency_contract,1,"76, Naseer Nagar, Bikaner - 515141",100000000016,HDFC0001234,"HDFC Bank","Main Branch","Gaurav Murthy",UEMJV0016L,20000,8000,1600,0,1250,2500,0,1,1,1,1,1,1,new,,new,,new,part_of_ctc,30,1,,"Star Health",POL-999,500000,,2025-01-10
BLK-0017,"Rashid Sahni",TVG-001,"Chennai HQ",blk.rashid.17@example.com,8000000017,1991-12-31,2026-02-21,"Precision Mold and Pattern Caster",agency_contract,1,"46, RunjhunGarh, Kochi - 490125",100000000017,HDFC0001234,"HDFC Bank","Main Branch","Rashid Sahni",KNGBY0017H,20000,8000,1600,0,1250,2500,0,1,1,1,1,1,1,new,,new,,new,part_of_ctc,30,1,,"Star Health",POL-999,500000,,2026-02-21
BLK-0018,"Akhil Kulkarni",TVG-001,"Chennai HQ",blk.akhil.18@example.com,8000000018,1995-08-11,2025-10-21,"User Experience Researcher",agency_contract,1,"58, Rakhi Villas, Deccan Gymkhana Ratlam - 501406",100000000018,HDFC0001234,"HDFC Bank","Main Branch","Akhil Kulkarni",IWZKV0018W,20000,8000,1600,0,1250,2500,0,1,1,1,1,1,1,new,,new,,new,part_of_ctc,30,1,,"Star Health",POL-999,500000,,2025-10-21
BLK-0019,"Deepesh Bhattacharyya",TVG-001,"Chennai HQ",blk.deepesh.19@example.com,8000000019,1993-06-17,2025-06-04,"Electrical and Electronic Inspector and Tester",agency_contract,1,"72, Chinmay Society, KirtiGarh Surat - 300189",100000000019,HDFC0001234,"HDFC Bank","Main Branch","Deepesh Bhattacharyya",OTWOF0019M,20000,8000,1600,0,1250,2500,0,1,1,1,1,1,1,new,,new,,new,part_of_ctc,30,1,,"Star Health",POL-999,500000,,2025-06-04
BLK-0020,"Komal Gill",TVG-001,"Chennai HQ",blk.komal.20@example.com,8000000020,1991-10-19,2026-02-10,"Real Estate Association Manager",agency_contract,1,"31, ObaidGarh, Bengaluru - 500211",100000000020,HDFC0001234,"HDFC Bank","Main Branch","Komal Gill",ZWACS0020D,20000,8000,1600,0,1250,2500,0,1,1,1,1,1,1,new,,new,,new,part_of_ctc,30,1,,"Star Health",POL-999,500000,,2026-02-10
BLK-0021,"Jyoti Raja",TVG-001,"Chennai HQ",blk.jyoti.21@example.com,8000000021,1989-03-21,2025-12-25,"Human Resources Manager",agency_contract,1,"56, GauranshGarh, Kolkata - 472383",100000000021,HDFC0001234,"HDFC Bank","Main Branch","Jyoti Raja",LFTWM0021W,20000,8000,1600,0,1250,2500,0,1,1,1,1,1,1,new,,new,,new,part_of_ctc,30,1,,"Star Health",POL-999,500000,,2025-12-25
BLK-0022,"Lalita Saini",TVG-001,"Chennai HQ",blk.lalita.22@example.com,8000000022,1993-06-18,2024-09-27,"Etcher and Engraver",agency_contract,1,"83, Aayushman Apartments, ZeenatPur Ajmer - 116465",100000000022,HDFC0001234,"HDFC Bank","Main Branch","Lalita Saini",KTYRJ0022F,20000,8000,1600,0,1250,2500,0,1,1,1,1,1,1,new,,new,,new,part_of_ctc,30,1,,"Star Health",POL-999,500000,,2024-09-27
BLK-0023,"Anil Chakraborty",TVG-001,"Chennai HQ",blk.anil.23@example.com,8000000023,2000-02-06,2025-05-01,"Marketing Manager",agency_contract,1,"56, Rupal Society, NikitaGunj Faridabad - 574402",100000000023,HDFC0001234,"HDFC Bank","Main Branch","Anil Chakraborty",WBYJM0023C,20000,8000,1600,0,1250,2500,0,1,1,1,1,1,1,new,,new,,new,part_of_ctc,30,1,,"Star Health",POL-999,500000,,2025-05-01
BLK-0024,"Jagat Keer",TVG-001,"Chennai HQ",blk.jagat.24@example.com,8000000024,1997-09-09,2026-04-16,Spotters,agency_contract,1,"51, Deccan Gymkhana, Nagpur - 186097",100000000024,HDFC0001234,"HDFC Bank","Main Branch","Jagat Keer",OPHEC0024G,20000,8000,1600,0,1250,2500,0,1,1,1,1,1,1,new,,new,,new,part_of_ctc,30,1,,"Star Health",POL-999,500000,,2026-04-16
BLK-0025,"Priyanka Dugar",TVG-001,"Chennai HQ",blk.priyanka.25@example.com,8000000025,2004-03-05,2025-08-22,"Precision Lens Grinders and Polisher",agency_contract,1,"93, Naina Nagar, Chandigarh - 283990",100000000025,HDFC0001234,"HDFC Bank","Main Branch","Priyanka Dugar",QXBJR0025X,20000,8000,1600,0,1250,2500,0,1,1,1,1,1,1,new,,new,,new,part_of_ctc,30,1,,"Star Health",POL-999,500000,,2025-08-22
BLK-0026,"Supriya Rampersad",TVG-001,"Chennai HQ",blk.supriya.26@example.com,8000000026,1986-10-24,2025-09-01,"Sawing Machine Operator",agency_contract,1,"51, Kormangala, Trichy - 386869",100000000026,HDFC0001234,"HDFC Bank","Main Branch","Supriya Rampersad",CABBQ0026G,20000,8000,1600,0,1250,2500,0,1,1,1,1,1,1,new,,new,,new,part_of_ctc,30,1,,"Star Health",POL-999,500000,,2025-09-01
BLK-0027,"Amrita Din",TVG-001,"Chennai HQ",blk.amrita.27@example.com,8000000027,1993-01-25,2026-06-27,"Postsecondary Education Administrators",agency_contract,1,"59, Nagma Society, Chandpole Noida - 266369",100000000027,HDFC0001234,"HDFC Bank","Main Branch","Amrita Din",LDXYL0027X,20000,8000,1600,0,1250,2500,0,1,1,1,1,1,1,new,,new,,new,part_of_ctc,30,1,,"Star Health",POL-999,500000,,2026-06-27
BLK-0028,"Kirti Dani",TVG-001,"Chennai HQ",blk.kirti.28@example.com,8000000028,1994-04-28,2026-03-05,"Algorithm Developer",agency_contract,1,"40, Neerendra Villas, Bandra Trichy - 290040",100000000028,HDFC0001234,"HDFC Bank","Main Branch","Kirti Dani",JVLGI0028I,20000,8000,1600,0,1250,2500,0,1,1,1,1,1,1,new,,new,,new,part_of_ctc,30,1,,"Star Health",POL-999,500000,,2026-03-05
BLK-0029,"Hanuman Chaudhary",TVG-001,"Chennai HQ",blk.hanuman.29@example.com,8000000029,1998-10-28,2025-06-13,"PR Manager",agency_contract,1,"21, Madhavi Villas, Megha Nagar Nashik - 463043",100000000029,HDFC0001234,"HDFC Bank","Main Branch","Hanuman Chaudhary",HZYBZ0029L,20000,8000,1600,0,1250,2500,0,1,1,1,1,1,1,new,,new,,new,part_of_ctc,30,1,,"Star Health",POL-999,500000,,2025-06-13
BLK-0030,"Sirish Manda",TVG-001,"Chennai HQ",blk.sirish.30@example.com,8000000030,1992-01-15,2025-01-17,"Biological Scientist",agency_contract,1,"43, Karim Apartments, JamshedGunj Gurgaon - 385785",100000000030,HDFC0001234,"HDFC Bank","Main Branch","Sirish Manda",PSDZR0030I,20000,8000,1600,0,1250,2500,0,1,1,1,1,1,1,new,,new,,new,part_of_ctc,30,1,,"Star Health",POL-999,500000,,2025-01-17
BLK-0031,"Jawahar Thaker",TVG-001,"Chennai HQ",blk.jawahar.31@example.com,8000000031,2000-06-01,2024-10-24,Carver,agency_contract,1,"80, Malad, Dehra Dun - 333544",100000000031,HDFC0001234,"HDFC Bank","Main Branch","Jawahar Thaker",QMEYD0031T,20000,8000,1600,0,1250,2500,0,1,1,1,1,1,1,new,,new,,new,part_of_ctc,30,1,,"Star Health",POL-999,500000,,2024-10-24
BLK-0032,"Gayatri Apte",TVG-001,"Chennai HQ",blk.gayatri.32@example.com,8000000032,2004-01-02,2024-08-21,"Metal Pourer and Caster",agency_contract,1,"26, Yerwada, Jaipur - 312726",100000000032,HDFC0001234,"HDFC Bank","Main Branch","Gayatri Apte",GCUQI0032T,20000,8000,1600,0,1250,2500,0,1,1,1,1,1,1,new,,new,,new,part_of_ctc,30,1,,"Star Health",POL-999,500000,,2024-08-21
BLK-0033,"Baalkrishan Ramanathan",TVG-001,"Chennai HQ",blk.baalkrishan.33@example.com,8000000033,2004-07-02,2026-03-31,"Nursery Worker",agency_contract,1,"46, Marathahalli, Indore - 202911",100000000033,HDFC0001234,"HDFC Bank","Main Branch","Baalkrishan Ramanathan",NJKXR0033R,20000,8000,1600,0,1250,2500,0,1,1,1,1,1,1,new,,new,,new,part_of_ctc,30,1,,"Star Health",POL-999,500000,,2026-03-31
BLK-0034,"Geetanjali Persaud",TVG-001,"Chennai HQ",blk.geetanjali.34@example.com,8000000034,1987-02-15,2025-10-23,"Furnace Operator",agency_contract,1,"30, Akanksha Society, Harmada Kota - 292225",100000000034,HDFC0001234,"HDFC Bank","Main Branch","Geetanjali Persaud",FUTNR0034P,20000,8000,1600,0,1250,2500,0,1,1,1,1,1,1,new,,new,,new,part_of_ctc,30,1,,"Star Health",POL-999,500000,,2025-10-23
BLK-0035,"Roma Dial",TVG-001,"Chennai HQ",blk.roma.35@example.com,8000000035,1993-07-09,2025-02-13,"Fishing OR Forestry Supervisor",agency_contract,1,"44, Fatima Chowk, Alwar - 535936",100000000035,HDFC0001234,"HDFC Bank","Main Branch","Roma Dial",IETEI0035L,20000,8000,1600,0,1250,2500,0,1,1,1,1,1,1,new,,new,,new,part_of_ctc,30,1,,"Star Health",POL-999,500000,,2025-02-13
BLK-0036,"Radhe Sheth",TVG-001,"Chennai HQ",blk.radhe.36@example.com,8000000036,1992-09-30,2024-09-21,Typesetter,agency_contract,1,"45, Sushant Heights, PreetGunj Kota - 390866",100000000036,HDFC0001234,"HDFC Bank","Main Branch","Radhe Sheth",YEMDZ0036L,20000,8000,1600,0,1250,2500,0,1,1,1,1,1,1,new,,new,,new,part_of_ctc,30,1,,"Star Health",POL-999,500000,,2024-09-21
BLK-0037,"Isha Ratta",TVG-001,"Chennai HQ",blk.isha.37@example.com,8000000037,1989-03-06,2026-01-24,"Sound Engineering Technician",agency_contract,1,"99, RiddhiGunj, Raipur - 525562",100000000037,HDFC0001234,"HDFC Bank","Main Branch","Isha Ratta",RJJGI0037T,20000,8000,1600,0,1250,2500,0,1,1,1,1,1,1,new,,new,,new,part_of_ctc,30,1,,"Star Health",POL-999,500000,,2026-01-24
BLK-0038,"Varun Kumer",TVG-001,"Chennai HQ",blk.varun.38@example.com,8000000038,1998-05-20,2025-10-07,Coroner,agency_contract,1,"74, Maya Heights, DevendraGunj Warangal - 298224",100000000038,HDFC0001234,"HDFC Bank","Main Branch","Varun Kumer",CGGDJ0038K,20000,8000,1600,0,1250,2500,0,1,1,1,1,1,1,new,,new,,new,part_of_ctc,30,1,,"Star Health",POL-999,500000,,2025-10-07
BLK-0039,"Parminder Shenoy",TVG-001,"Chennai HQ",blk.parminder.39@example.com,8000000039,2003-04-11,2025-04-13,"Physics Teacher",agency_contract,1,"23, Urmi Society, Chinchwad Jaipur - 448464",100000000039,HDFC0001234,"HDFC Bank","Main Branch","Parminder Shenoy",KGUFZ0039O,20000,8000,1600,0,1250,2500,0,1,1,1,1,1,1,new,,new,,new,part_of_ctc,30,1,,"Star Health",POL-999,500000,,2025-04-13
BLK-0040,"Aisha Khan",TVG-001,"Chennai HQ",blk.aisha.40@example.com,8000000040,1998-04-17,2025-07-25,"Recreational Vehicle Service Technician",agency_contract,1,"53, PreshitaGunj, Kanpur - 171717",100000000040,HDFC0001234,"HDFC Bank","Main Branch","Aisha Khan",DYZPF0040O,20000,8000,1600,0,1250,2500,0,1,1,1,1,1,1,new,,new,,new,part_of_ctc,30,1,,"Star Health",POL-999,500000,,2025-07-25
BLK-0041,"Charandeep Saraf",TVG-001,"Chennai HQ",blk.charandeep.41@example.com,8000000041,1998-05-08,2025-02-04,"Numerical Control Machine Tool Operator",agency_contract,1,"60, Himanshu Heights, PrabhatPur Patna - 513920",100000000041,HDFC0001234,"HDFC Bank","Main Branch","Charandeep Saraf",UTQHS0041L,20000,8000,1600,0,1250,2500,0,1,1,1,1,1,1,new,,new,,new,part_of_ctc,30,1,,"Star Health",POL-999,500000,,2025-02-04
BLK-0042,"Aditya Dash",TVG-001,"Chennai HQ",blk.aditya.42@example.com,8000000042,1993-08-18,2026-06-16,"Director Religious Activities",agency_contract,1,"67, Nalini Apartments, DrishtiGarh Pune - 597165",100000000042,HDFC0001234,"HDFC Bank","Main Branch","Aditya Dash",HQWHX0042X,20000,8000,1600,0,1250,2500,0,1,1,1,1,1,1,new,,new,,new,part_of_ctc,30,1,,"Star Health",POL-999,500000,,2026-06-16
BLK-0043,"Meghana Som",TVG-001,"Chennai HQ",blk.meghana.43@example.com,8000000043,1996-05-13,2025-06-15,"Employment Interviewer",agency_contract,1,"12, MustafaGarh, Mumbai - 449321",100000000043,HDFC0001234,"HDFC Bank","Main Branch","Meghana Som",REWOM0043A,20000,8000,1600,0,1250,2500,0,1,1,1,1,1,1,new,,new,,new,part_of_ctc,30,1,,"Star Health",POL-999,500000,,2025-06-15
BLK-0044,"Devendra Garde",TVG-001,"Chennai HQ",blk.devendra.44@example.com,8000000044,1997-02-23,2024-12-30,"Highway Patrol Pilot",agency_contract,1,"81, BhanupriyaGarh, Trichy - 492093",100000000044,HDFC0001234,"HDFC Bank","Main Branch","Devendra Garde",NRWYR0044C,20000,8000,1600,0,1250,2500,0,1,1,1,1,1,1,new,,new,,new,part_of_ctc,30,1,,"Star Health",POL-999,500000,,2024-12-30
BLK-0045,"Poonam Dugar",TVG-001,"Chennai HQ",blk.poonam.45@example.com,8000000045,1999-03-16,2025-02-07,"Education Administrator",agency_contract,1,"21, Hema Heights, Ajay Nagar Jabalpur - 473902",100000000045,HDFC0001234,"HDFC Bank","Main Branch","Poonam Dugar",MGQAJ0045G,20000,8000,1600,0,1250,2500,0,1,1,1,1,1,1,new,,new,,new,part_of_ctc,30,1,,"Star Health",POL-999,500000,,2025-02-07
BLK-0046,"Kushal Jhaveri",TVG-001,"Chennai HQ",blk.kushal.46@example.com,8000000046,1989-06-26,2025-06-14,"Proofreaders and Copy Marker",agency_contract,1,"58, Abhinav Heights, Churchgate Trichy - 373826",100000000046,HDFC0001234,"HDFC Bank","Main Branch","Kushal Jhaveri",ORAWF0046X,20000,8000,1600,0,1250,2500,0,1,1,1,1,1,1,new,,new,,new,part_of_ctc,30,1,,"Star Health",POL-999,500000,,2025-06-14
BLK-0047,"Amrit Ramanathan",TVG-001,"Chennai HQ",blk.amrit.47@example.com,8000000047,1989-06-01,2026-03-06,"Interaction Designer",agency_contract,1,"51, Rakhi Apartments, MustafaGunj Hyderabad - 428443",100000000047,HDFC0001234,"HDFC Bank","Main Branch","Amrit Ramanathan",CUMGZ0047X,20000,8000,1600,0,1250,2500,0,1,1,1,1,1,1,new,,new,,new,part_of_ctc,30,1,,"Star Health",POL-999,500000,,2026-03-06
BLK-0048,"Ghalib Din",TVG-001,"Chennai HQ",blk.ghalib.48@example.com,8000000048,1990-04-13,2025-06-05,"Shipping and Receiving Clerk",agency_contract,1,"60, MustafaGunj, Mysore - 105683",100000000048,HDFC0001234,"HDFC Bank","Main Branch","Ghalib Din",DUVLA0048Z,20000,8000,1600,0,1250,2500,0,1,1,1,1,1,1,new,,new,,new,part_of_ctc,30,1,,"Star Health",POL-999,500000,,2025-06-05
BLK-0049,"Sameera Sampath",TVG-001,"Chennai HQ",blk.sameera.49@example.com,8000000049,1990-03-12,2024-08-25,"Sociology Teacher",agency_contract,1,"40, Radha Villas, Qadim Chowk Agra - 238900",100000000049,HDFC0001234,"HDFC Bank","Main Branch","Sameera Sampath",NIGBS0049T,20000,8000,1600,0,1250,2500,0,1,1,1,1,1,1,new,,new,,new,part_of_ctc,30,1,,"Star Health",POL-999,500000,,2024-08-25
BLK-0050,"Rajendra Mander",TVG-001,"Chennai HQ",blk.rajendra.50@example.com,8000000050,1990-07-31,2025-08-04,"Food Preparation and Serving Worker",agency_contract,1,"88, Harmada, Darjeeling - 117213",100000000050,HDFC0001234,"HDFC Bank","Main Branch","Rajendra Mander",QWFZA0050F,20000,8000,1600,0,1250,2500,0,1,1,1,1,1,1,new,,new,,new,part_of_ctc,30,1,,"Star Health",POL-999,500000,,2025-08-04
BLK-0051,"Kajal Peri",APX-002,"Head Office",blk.kajal.51@example.com,8000000051,1998-03-12,2026-05-21,"Mechanical Equipment Sales Representative",eor,1,"91, KalpanaGarh, Lucknow - 129835",100000000051,HDFC0001234,"HDFC Bank","Main Branch","Kajal Peri",XXHHX0051J,20000,8000,1600,0,1250,2500,0,1,1,1,1,1,1,new,,new,,new,part_of_ctc,30,1,,"Star Health",POL-999,500000,,2026-05-21
BLK-0052,"Rupal Ramson",APX-002,"Head Office",blk.rupal.52@example.com,8000000052,1992-06-25,2024-11-02,"Computer Operator",eor,1,"62, Mustafa Society, Hinjewadi Panaji - 597658",100000000052,HDFC0001234,"HDFC Bank","Main Branch","Rupal Ramson",SQIEI0052I,20000,8000,1600,0,1250,2500,0,1,1,1,1,1,1,new,,new,,new,part_of_ctc,30,1,,"Star Health",POL-999,500000,,2024-11-02
BLK-0053,"Tulsi Chand",APX-002,"Head Office",blk.tulsi.53@example.com,8000000053,2002-11-15,2024-10-01,"Highway Maintenance Worker",eor,1,"79, Vikhroli, Kochi - 441311",100000000053,HDFC0001234,"HDFC Bank","Main Branch","Tulsi Chand",SWVEE0053Y,20000,8000,1600,0,1250,2500,0,1,1,1,1,1,1,new,,new,,new,part_of_ctc,30,1,,"Star Health",POL-999,500000,,2024-10-01
BLK-0054,"Komal Varghese",APX-002,"Head Office",blk.komal.54@example.com,8000000054,1986-08-23,2026-01-19,"Sewing Machine Operator",eor,1,"47, Aabha Nagar, Kolkata - 261192",100000000054,HDFC0001234,"HDFC Bank","Main Branch","Komal Varghese",KXBJM0054Z,20000,8000,1600,0,1250,2500,0,1,1,1,1,1,1,new,,new,,new,part_of_ctc,30,1,,"Star Health",POL-999,500000,,2026-01-19
BLK-0055,"Megha Bath",APX-002,"Head Office",blk.megha.55@example.com,8000000055,1989-08-16,2026-02-24,"Communication Equipment Repairer",eor,1,"66, Yerwada, Jodhpur - 514866",100000000055,HDFC0001234,"HDFC Bank","Main Branch","Megha Bath",XJIBR0055S,20000,8000,1600,0,1250,2500,0,1,1,1,1,1,1,new,,new,,new,part_of_ctc,30,1,,"Star Health",POL-999,500000,,2026-02-24
BLK-0056,"Himani Tata",APX-002,"Head Office",blk.himani.56@example.com,8000000056,1989-01-01,2024-10-03,"Spraying Machine Operator",eor,1,"61, Aishwarya Villas, Deccan Gymkhana Nashik - 106397",100000000056,HDFC0001234,"HDFC Bank","Main Branch","Himani Tata",VLTWD0056R,20000,8000,1600,0,1250,2500,0,1,1,1,1,1,1,new,,new,,new,part_of_ctc,30,1,,"Star Health",POL-999,500000,,2024-10-03
BLK-0057,"Kalyan Pradhan",APX-002,"Head Office",blk.kalyan.57@example.com,8000000057,1989-09-04,2024-09-10,"Special Force",eor,1,"40, GiaanPur, Kolkata - 500541",100000000057,HDFC0001234,"HDFC Bank","Main Branch","Kalyan Pradhan",QEKOR0057B,20000,8000,1600,0,1250,2500,0,1,1,1,1,1,1,new,,new,,new,part_of_ctc,30,1,,"Star Health",POL-999,500000,,2024-09-10
BLK-0058,"Brock Samuel",APX-002,"Head Office",blk.brock.58@example.com,8000000058,2003-01-08,2025-05-22,"Ship Captain",eor,1,"52, Marathahalli, Vadodara - 113761",100000000058,HDFC0001234,"HDFC Bank","Main Branch","Brock Samuel",BBPVX0058T,20000,8000,1600,0,1250,2500,0,1,1,1,1,1,1,new,,new,,new,part_of_ctc,30,1,,"Star Health",POL-999,500000,,2025-05-22
BLK-0059,"Monica Gole",APX-002,"Head Office",blk.monica.59@example.com,8000000059,1993-03-31,2025-03-01,"Desktop Publisher",eor,1,"67, Jagat Villas, Malad Jodhpur - 564348",100000000059,HDFC0001234,"HDFC Bank","Main Branch","Monica Gole",SAUPJ0059S,20000,8000,1600,0,1250,2500,0,1,1,1,1,1,1,new,,new,,new,part_of_ctc,30,1,,"Star Health",POL-999,500000,,2025-03-01
BLK-0060,"Rohini Meka",APX-002,"Head Office",blk.rohini.60@example.com,8000000060,1990-05-29,2025-06-15,"Compliance Officers",eor,1,"23, SomnathGunj, Jamnagar - 199812",100000000060,HDFC0001234,"HDFC Bank","Main Branch","Rohini Meka",BPKAU0060Q,20000,8000,1600,0,1250,2500,0,1,1,1,1,1,1,new,,new,,new,part_of_ctc,30,1,,"Star Health",POL-999,500000,,2025-06-15
BLK-0061,"Vijayent Luthra",APX-002,"Head Office",blk.vijayent.61@example.com,8000000061,2001-05-06,2025-09-18,Engraver,eor,1,"79, Marathahalli, Raipur - 130159",100000000061,HDFC0001234,"HDFC Bank","Main Branch","Vijayent Luthra",UZSNF0061V,20000,8000,1600,0,1250,2500,0,1,1,1,1,1,1,new,,new,,new,part_of_ctc,30,1,,"Star Health",POL-999,500000,,2025-09-18
BLK-0062,"Siddharth Doctor",APX-002,"Head Office",blk.siddharth.62@example.com,8000000062,2001-11-05,2026-05-19,"Data Entry Operator",eor,1,"96, Andheri, Noida - 199014",100000000062,HDFC0001234,"HDFC Bank","Main Branch","Siddharth Doctor",OUCAS0062S,20000,8000,1600,0,1250,2500,0,1,1,1,1,1,1,new,,new,,new,part_of_ctc,30,1,,"Star Health",POL-999,500000,,2026-05-19
BLK-0063,"Natwar Sarna",APX-002,"Head Office",blk.natwar.63@example.com,8000000063,2000-12-08,2026-03-28,"PR Manager",eor,1,"57, Madhu Villas, AkankshaPur Chandigarh - 126313",100000000063,HDFC0001234,"HDFC Bank","Main Branch","Natwar Sarna",YEUQQ0063P,20000,8000,1600,0,1250,2500,0,1,1,1,1,1,1,new,,new,,new,part_of_ctc,30,1,,"Star Health",POL-999,500000,,2026-03-28
BLK-0064,"Ekbal Agarwal",APX-002,"Head Office",blk.ekbal.64@example.com,8000000064,1993-07-08,2024-08-03,CFO,eor,1,"11, Prabhat Society, NarayanGunj Jabalpur - 177076",100000000064,HDFC0001234,"HDFC Bank","Main Branch","Ekbal Agarwal",OBHQP0064Z,20000,8000,1600,0,1250,2500,0,1,1,1,1,1,1,new,,new,,new,part_of_ctc,30,1,,"Star Health",POL-999,500000,,2024-08-03
BLK-0065,"Zaad Chanda",APX-002,"Head Office",blk.zaad.65@example.com,8000000065,1999-09-20,2026-01-30,"Retail Salesperson",eor,1,"82, Kormangala, Guwahati - 319567",100000000065,HDFC0001234,"HDFC Bank","Main Branch","Zaad Chanda",SUBPX0065L,20000,8000,1600,0,1250,2500,0,1,1,1,1,1,1,new,,new,,new,part_of_ctc,30,1,,"Star Health",POL-999,500000,,2026-01-30
BLK-0066,"Somnath Bansal",APX-002,"Head Office",blk.somnath.66@example.com,8000000066,1991-11-20,2025-03-18,Accountant,eor,1,"17, Kushal Heights, Kharadi Warangal - 225246",100000000066,HDFC0001234,"HDFC Bank","Main Branch","Somnath Bansal",ENYSR0066T,20000,8000,1600,0,1250,2500,0,1,1,1,1,1,1,new,,new,,new,part_of_ctc,30,1,,"Star Health",POL-999,500000,,2025-03-18
BLK-0067,"Sukriti Rastogi",APX-002,"Head Office",blk.sukriti.67@example.com,8000000067,2002-11-17,2026-04-19,Chiropractor,eor,1,"39, KoushtubhPur, Nashik - 137343",100000000067,HDFC0001234,"HDFC Bank","Main Branch","Sukriti Rastogi",NSYZU0067L,20000,8000,1600,0,1250,2500,0,1,1,1,1,1,1,new,,new,,new,part_of_ctc,30,1,,"Star Health",POL-999,500000,,2026-04-19
BLK-0068,"Anjana Rajagopal",APX-002,"Head Office",blk.anjana.68@example.com,8000000068,1996-08-31,2025-06-24,"Dental Assistant",eor,1,"71, RehmanGunj, Simla - 423052",100000000068,HDFC0001234,"HDFC Bank","Main Branch","Anjana Rajagopal",CNWAV0068B,20000,8000,1600,0,1250,2500,0,1,1,1,1,1,1,new,,new,,new,part_of_ctc,30,1,,"Star Health",POL-999,500000,,2025-06-24
BLK-0069,"Sameera Sabharwal",APX-002,"Head Office",blk.sameera.69@example.com,8000000069,1996-08-30,2024-10-15,Electrician,eor,1,"17, Ekbal Apartments, Yerwada Guwahati - 312821",100000000069,HDFC0001234,"HDFC Bank","Main Branch","Sameera Sabharwal",NBBLB0069S,20000,8000,1600,0,1250,2500,0,1,1,1,1,1,1,new,,new,,new,part_of_ctc,30,1,,"Star Health",POL-999,500000,,2024-10-15
BLK-0070,"Malik Kumer",APX-002,"Head Office",blk.malik.70@example.com,8000000070,1990-05-19,2026-02-14,"Police Detective",eor,1,"86, Prabhat Society, Usman Chowk Ahmedabad - 534788",100000000070,HDFC0001234,"HDFC Bank","Main Branch","Malik Kumer",XOANG0070Z,20000,8000,1600,0,1250,2500,0,1,1,1,1,1,1,new,,new,,new,part_of_ctc,30,1,,"Star Health",POL-999,500000,,2026-02-14
BLK-0071,"Megha Dhillon",APX-002,"Head Office",blk.megha.71@example.com,8000000071,1986-10-31,2024-08-10,"Home Health Aide",eor,1,"49, Aayushi Apartments, AnushaPur Kanpur - 341508",100000000071,HDFC0001234,"HDFC Bank","Main Branch","Megha Dhillon",DFTGY0071P,20000,8000,1600,0,1250,2500,0,1,1,1,1,1,1,new,,new,,new,part_of_ctc,30,1,,"Star Health",POL-999,500000,,2024-08-10
BLK-0072,"Prasoon Cheema",APX-002,"Head Office",blk.prasoon.72@example.com,8000000072,1988-01-31,2025-01-05,"Paper Goods Machine Operator",eor,1,"83, TejaswaniGunj, Jabalpur - 587264",100000000072,HDFC0001234,"HDFC Bank","Main Branch","Prasoon Cheema",QCHCQ0072G,20000,8000,1600,0,1250,2500,0,1,1,1,1,1,1,new,,new,,new,part_of_ctc,30,1,,"Star Health",POL-999,500000,,2025-01-05
BLK-0073,"Hari Halder",APX-002,"Head Office",blk.hari.73@example.com,8000000073,1986-12-28,2025-08-04,Movers,eor,1,"21, Owais Villas, Model Town Gandhinagar - 272012",100000000073,HDFC0001234,"HDFC Bank","Main Branch","Hari Halder",SNNYM0073E,20000,8000,1600,0,1250,2500,0,1,1,1,1,1,1,new,,new,,new,part_of_ctc,30,1,,"Star Health",POL-999,500000,,2025-08-04
BLK-0074,"Nishita Mahal",APX-002,"Head Office",blk.nishita.74@example.com,8000000074,1999-10-16,2024-10-06,"Marine Oiler",eor,1,"12, Ishat Heights, RashidGunj Vadodara - 591728",100000000074,HDFC0001234,"HDFC Bank","Main Branch","Nishita Mahal",OMAKQ0074Y,20000,8000,1600,0,1250,2500,0,1,1,1,1,1,1,new,,new,,new,part_of_ctc,30,1,,"Star Health",POL-999,500000,,2024-10-06
BLK-0075,"Abbas Basak",APX-002,"Head Office",blk.abbas.75@example.com,8000000075,2003-07-03,2025-12-28,Brickmason,eor,1,"80, Borivali, Bhopal - 154337",100000000075,HDFC0001234,"HDFC Bank","Main Branch","Abbas Basak",MGNTI0075W,20000,8000,1600,0,1250,2500,0,1,1,1,1,1,1,new,,new,,new,part_of_ctc,30,1,,"Star Health",POL-999,500000,,2025-12-28
BLK-0076,"Srinivasan Kanda",APX-002,"Head Office",blk.srinivasan.76@example.com,8000000076,2004-05-25,2026-05-16,"Travel Clerk",eor,1,"30, Sheetal Heights, SaiPur Warangal - 483263",100000000076,HDFC0001234,"HDFC Bank","Main Branch","Srinivasan Kanda",LFWEN0076T,20000,8000,1600,0,1250,2500,0,1,1,1,1,1,1,new,,new,,new,part_of_ctc,30,1,,"Star Health",POL-999,500000,,2026-05-16
BLK-0077,"Babita Seth",APX-002,"Head Office",blk.babita.77@example.com,8000000077,1997-09-08,2024-10-15,"Production Laborer",eor,1,"14, Seema Chowk, Jammu - 544024",100000000077,HDFC0001234,"HDFC Bank","Main Branch","Babita Seth",BDQMH0077V,20000,8000,1600,0,1250,2500,0,1,1,1,1,1,1,new,,new,,new,part_of_ctc,30,1,,"Star Health",POL-999,500000,,2024-10-15
BLK-0078,"Prabha Deol",APX-002,"Head Office",blk.prabha.78@example.com,8000000078,1989-06-06,2026-03-11,"Claims Adjuster",eor,1,"64, Ricky Apartments, Hinjewadi Ludhiana - 485939",100000000078,HDFC0001234,"HDFC Bank","Main Branch","Prabha Deol",ZSMXF0078N,20000,8000,1600,0,1250,2500,0,1,1,1,1,1,1,new,,new,,new,part_of_ctc,30,1,,"Star Health",POL-999,500000,,2026-03-11
BLK-0079,"Samir Ramroop",APX-002,"Head Office",blk.samir.79@example.com,8000000079,2001-05-15,2026-04-15,"Chemical Technician",eor,1,"85, VimalaGarh, Pilani - 522375",100000000079,HDFC0001234,"HDFC Bank","Main Branch","Samir Ramroop",LQFXX0079S,20000,8000,1600,0,1250,2500,0,1,1,1,1,1,1,new,,new,,new,part_of_ctc,30,1,,"Star Health",POL-999,500000,,2026-04-15
BLK-0080,"Akanksha Sarin",APX-002,"Head Office",blk.akanksha.80@example.com,8000000080,2000-05-11,2026-06-06,"Computer Hardware Engineer",eor,1,"24, Mayawati Heights, IshatGarh Kota - 576143",100000000080,HDFC0001234,"HDFC Bank","Main Branch","Akanksha Sarin",HQFKC0080X,20000,8000,1600,0,1250,2500,0,1,1,1,1,1,1,new,,new,,new,part_of_ctc,30,1,,"Star Health",POL-999,500000,,2026-06-06
BLK-0081,"Usha Chana",APX-002,"Head Office",blk.usha.81@example.com,8000000081,1995-11-07,2024-10-18,"Coremaking Machine Operator",eor,1,"46, Kasturba Nagar, Gangtok - 572923",100000000081,HDFC0001234,"HDFC Bank","Main Branch","Usha Chana",RYXUZ0081L,20000,8000,1600,0,1250,2500,0,1,1,1,1,1,1,new,,new,,new,part_of_ctc,30,1,,"Star Health",POL-999,500000,,2024-10-18
BLK-0082,"Vijay Om",APX-002,"Head Office",blk.vijay.82@example.com,8000000082,2003-06-15,2026-04-17,"Special Education Teacher",eor,1,"42, Mridula Apartments, UpasanaGunj Jamnagar - 132825",100000000082,HDFC0001234,"HDFC Bank","Main Branch","Vijay Om",REZVR0082S,20000,8000,1600,0,1250,2500,0,1,1,1,1,1,1,new,,new,,new,part_of_ctc,30,1,,"Star Health",POL-999,500000,,2026-04-17
BLK-0083,"Namita Kant",APX-002,"Head Office",blk.namita.83@example.com,8000000083,1991-04-30,2024-12-11,Decorator,eor,1,"21, NehaGarh, Mumbai - 392788",100000000083,HDFC0001234,"HDFC Bank","Main Branch","Namita Kant",BDRTX0083N,20000,8000,1600,0,1250,2500,0,1,1,1,1,1,1,new,,new,,new,part_of_ctc,30,1,,"Star Health",POL-999,500000,,2024-12-11
BLK-0084,"Alpa Gagrani",APX-002,"Head Office",blk.alpa.84@example.com,8000000084,1996-10-05,2025-06-17,"Heat Treating Equipment Operator",eor,1,"74, Esha Society, YaduGarh Alwar - 539607",100000000084,HDFC0001234,"HDFC Bank","Main Branch","Alpa Gagrani",ARXPN0084G,20000,8000,1600,0,1250,2500,0,1,1,1,1,1,1,new,,new,,new,part_of_ctc,30,1,,"Star Health",POL-999,500000,,2025-06-17
BLK-0085,"Hema Pradhan",APX-002,"Head Office",blk.hema.85@example.com,8000000085,1999-11-28,2026-01-12,"Data Entry Operator",eor,1,"43, NagmaGarh, Ajmer - 521116",100000000085,HDFC0001234,"HDFC Bank","Main Branch","Hema Pradhan",OIGPT0085A,20000,8000,1600,0,1250,2500,0,1,1,1,1,1,1,new,,new,,new,part_of_ctc,30,1,,"Star Health",POL-999,500000,,2026-01-12
BLK-0086,"Mitesh Mangat",APX-002,"Head Office",blk.mitesh.86@example.com,8000000086,2000-11-08,2026-05-05,"Construction Laborer",eor,1,"29, RadhikaPur, Pondicherry - 514073",100000000086,HDFC0001234,"HDFC Bank","Main Branch","Mitesh Mangat",JZOAV0086J,20000,8000,1600,0,1250,2500,0,1,1,1,1,1,1,new,,new,,new,part_of_ctc,30,1,,"Star Health",POL-999,500000,,2026-05-05
BLK-0087,"Mukti Manda",APX-002,"Head Office",blk.mukti.87@example.com,8000000087,1990-07-05,2026-02-19,"Fabric Mender",eor,1,"68, Kharadi, Panaji - 583328",100000000087,HDFC0001234,"HDFC Bank","Main Branch","Mukti Manda",ATCIH0087J,20000,8000,1600,0,1250,2500,0,1,1,1,1,1,1,new,,new,,new,part_of_ctc,30,1,,"Star Health",POL-999,500000,,2026-02-19
BLK-0088,"Babita Ganesan",APX-002,"Head Office",blk.babita.88@example.com,8000000088,1989-03-17,2025-06-23,"Slot Key Person",eor,1,"15, Javed Heights, PoonamGarh Bhubhaneshwar - 437239",100000000088,HDFC0001234,"HDFC Bank","Main Branch","Babita Ganesan",WDXYU0088H,20000,8000,1600,0,1250,2500,0,1,1,1,1,1,1,new,,new,,new,part_of_ctc,30,1,,"Star Health",POL-999,500000,,2025-06-23
BLK-0089,"Heer Kapadia",APX-002,"Head Office",blk.heer.89@example.com,8000000089,2001-07-23,2026-04-22,"Environmental Compliance Inspector",eor,1,"64, Rashid Apartments, MehulGarh Simla - 226942",100000000089,HDFC0001234,"HDFC Bank","Main Branch","Heer Kapadia",VYVVL0089V,20000,8000,1600,0,1250,2500,0,1,1,1,1,1,1,new,,new,,new,part_of_ctc,30,1,,"Star Health",POL-999,500000,,2026-04-22
BLK-0090,"Nandini Ramachandran",APX-002,"Head Office",blk.nandini.90@example.com,8000000090,2001-01-05,2025-11-30,"Agricultural Sciences Teacher",eor,1,"72, Vikhroli, Mysore - 432531",100000000090,HDFC0001234,"HDFC Bank","Main Branch","Nandini Ramachandran",QRADA0090V,20000,8000,1600,0,1250,2500,0,1,1,1,1,1,1,new,,new,,new,part_of_ctc,30,1,,"Star Health",POL-999,500000,,2025-11-30
BLK-0091,"Rachel Dial",APX-002,"Head Office",blk.rachel.91@example.com,8000000091,1995-06-17,2025-01-14,"Mixing and Blending Machine Operator",eor,1,"17, Kamini Heights, Aarti Chowk Bengaluru - 516514",100000000091,HDFC0001234,"HDFC Bank","Main Branch","Rachel Dial",CUILK0091R,20000,8000,1600,0,1250,2500,0,1,1,1,1,1,1,new,,new,,new,part_of_ctc,30,1,,"Star Health",POL-999,500000,,2025-01-14
BLK-0092,"Aniruddh Chakraborty",APX-002,"Head Office",blk.aniruddh.92@example.com,8000000092,1996-01-08,2025-11-22,"Emergency Management Specialist",eor,1,"11, Owais Heights, Chandpole Gurgaon - 162006",100000000092,HDFC0001234,"HDFC Bank","Main Branch","Aniruddh Chakraborty",HFSLQ0092I,20000,8000,1600,0,1250,2500,0,1,1,1,1,1,1,new,,new,,new,part_of_ctc,30,1,,"Star Health",POL-999,500000,,2025-11-22
BLK-0093,"Azhar Behl",APX-002,"Head Office",blk.azhar.93@example.com,8000000093,1996-10-30,2024-08-29,"Metal Pourer and Caster",eor,1,"47, Nalini Apartments, Bandra Chandigarh - 423125",100000000093,HDFC0001234,"HDFC Bank","Main Branch","Azhar Behl",ILHMJ0093O,20000,8000,1600,0,1250,2500,0,1,1,1,1,1,1,new,,new,,new,part_of_ctc,30,1,,"Star Health",POL-999,500000,,2024-08-29
BLK-0094,"Laveena Maraj",APX-002,"Head Office",blk.laveena.94@example.com,8000000094,2002-06-05,2026-01-23,"Physical Therapist Aide",eor,1,"29, BinodGunj, Kochi - 454528",100000000094,HDFC0001234,"HDFC Bank","Main Branch","Laveena Maraj",EQCLD0094V,20000,8000,1600,0,1250,2500,0,1,1,1,1,1,1,new,,new,,new,part_of_ctc,30,1,,"Star Health",POL-999,500000,,2026-01-23
BLK-0095,"Vicky Ghosh",APX-002,"Head Office",blk.vicky.95@example.com,8000000095,2003-06-05,2025-10-21,"Real Estate Broker",eor,1,"31, Virar, Alwar - 418332",100000000095,HDFC0001234,"HDFC Bank","Main Branch","Vicky Ghosh",PHCUJ0095P,20000,8000,1600,0,1250,2500,0,1,1,1,1,1,1,new,,new,,new,part_of_ctc,30,1,,"Star Health",POL-999,500000,,2025-10-21
BLK-0096,"Usha Bail",APX-002,"Head Office",blk.usha.96@example.com,8000000096,2004-03-05,2025-10-07,"Semiconductor Processor",eor,1,"90, Andheri, New Delhi - 495117",100000000096,HDFC0001234,"HDFC Bank","Main Branch","Usha Bail",NXUZW0096F,20000,8000,1600,0,1250,2500,0,1,1,1,1,1,1,new,,new,,new,part_of_ctc,30,1,,"Star Health",POL-999,500000,,2025-10-07
BLK-0097,"Gunjan Ghosh",APX-002,"Head Office",blk.gunjan.97@example.com,8000000097,2002-01-29,2026-01-12,"Petroleum Technician",eor,1,"79, Marathahalli, Hisar - 341395",100000000097,HDFC0001234,"HDFC Bank","Main Branch","Gunjan Ghosh",ODDYK0097P,20000,8000,1600,0,1250,2500,0,1,1,1,1,1,1,new,,new,,new,part_of_ctc,30,1,,"Star Health",POL-999,500000,,2026-01-12
BLK-0098,"Niyati Choudhry",APX-002,"Head Office",blk.niyati.98@example.com,8000000098,1992-08-31,2025-11-22,Orthodontist,eor,1,"48, Malad, New Delhi - 143497",100000000098,HDFC0001234,"HDFC Bank","Main Branch","Niyati Choudhry",IMSXF0098N,20000,8000,1600,0,1250,2500,0,1,1,1,1,1,1,new,,new,,new,part_of_ctc,30,1,,"Star Health",POL-999,500000,,2025-11-22
BLK-0099,"Anjana Loyal",APX-002,"Head Office",blk.anjana.99@example.com,8000000099,1997-12-03,2026-04-06,"Child Care Worker",eor,1,"25, Bhanupriya Chowk, Vishakhapattanam - 215778",100000000099,HDFC0001234,"HDFC Bank","Main Branch","Anjana Loyal",HYTTA0099M,20000,8000,1600,0,1250,2500,0,1,1,1,1,1,1,new,,new,,new,part_of_ctc,30,1,,"Star Health",POL-999,500000,,2026-04-06
BLK-0100,"Roma Patel",APX-002,"Head Office",blk.roma.100@example.com,8000000100,1998-04-19,2025-07-25,"Highway Patrol Pilot",eor,1,"60, Aundh, Kota - 270083",100000000100,HDFC0001234,"HDFC Bank","Main Branch","Roma Patel",JRRKI0100X,20000,8000,1600,0,1250,2500,0,1,1,1,1,1,1,new,,new,,new,part_of_ctc,30,1,,"Star Health",POL-999,500000,,2025-07-25
BLK-0101,"Anshula Persaud",GPR-003,"Chennai Green Tower",blk.anshula.101@example.com,8000000101,1993-07-13,2024-12-26,"Structural Metal Fabricator",agency_contract,1,"29, AmritaPur, Lucknow - 154179",100000000101,HDFC0001234,"HDFC Bank","Main Branch","Anshula Persaud",VDAFT0101W,20000,8000,1600,0,1250,2500,0,1,1,1,1,1,1,new,,new,,new,part_of_ctc,30,1,,"Star Health",POL-999,500000,,2024-12-26
BLK-0102,"Sara Krishnamurthy",GPR-003,"Chennai Green Tower",blk.sara.102@example.com,8000000102,2003-08-06,2024-12-31,"Production Worker",agency_contract,1,"49, Malad, Bikaner - 398432",100000000102,HDFC0001234,"HDFC Bank","Main Branch","Sara Krishnamurthy",TSTLF0102H,20000,8000,1600,0,1250,2500,0,1,1,1,1,1,1,new,,new,,new,part_of_ctc,30,1,,"Star Health",POL-999,500000,,2024-12-31
BLK-0103,"Himesh Saha",GPR-003,"Chennai Green Tower",blk.himesh.103@example.com,8000000103,1992-08-01,2024-11-11,"Sys Admin",agency_contract,1,"49, UpasanaGarh, Warangal - 256264",100000000103,HDFC0001234,"HDFC Bank","Main Branch","Himesh Saha",ZVPSW0103X,20000,8000,1600,0,1250,2500,0,1,1,1,1,1,1,new,,new,,new,part_of_ctc,30,1,,"Star Health",POL-999,500000,,2024-11-11
BLK-0104,"Julie Sampath",GPR-003,"Chennai Green Tower",blk.julie.104@example.com,8000000104,1992-07-31,2025-03-19,"Computer Systems Analyst",agency_contract,1,"30, Smriti Society, YaminiGunj Ratlam - 399347",100000000104,HDFC0001234,"HDFC Bank","Main Branch","Julie Sampath",UDULS0104Q,20000,8000,1600,0,1250,2500,0,1,1,1,1,1,1,new,,new,,new,part_of_ctc,30,1,,"Star Health",POL-999,500000,,2025-03-19
BLK-0105,"Albert Balakrishnan",GPR-003,"Chennai Green Tower",blk.albert.105@example.com,8000000105,1994-11-24,2025-08-08,"Claims Adjuster",agency_contract,1,"66, Sodala, Trichy - 396681",100000000105,HDFC0001234,"HDFC Bank","Main Branch","Albert Balakrishnan",OAHZJ0105R,20000,8000,1600,0,1250,2500,0,1,1,1,1,1,1,new,,new,,new,part_of_ctc,30,1,,"Star Health",POL-999,500000,,2025-08-08
BLK-0106,"Preshita Dash",GPR-003,"Chennai Green Tower",blk.preshita.106@example.com,8000000106,1998-08-17,2026-06-06,"Agricultural Sciences Teacher",agency_contract,1,"95, Vikhroli, Gandhinagar - 140681",100000000106,HDFC0001234,"HDFC Bank","Main Branch","Preshita Dash",UNZBC0106L,20000,8000,1600,0,1250,2500,0,1,1,1,1,1,1,new,,new,,new,part_of_ctc,30,1,,"Star Health",POL-999,500000,,2026-06-06
BLK-0107,"Nikita Malpani",GPR-003,"Chennai Green Tower",blk.nikita.107@example.com,8000000107,1993-11-18,2024-11-25,"GED Teacher",agency_contract,1,"53, DavidGarh, Trichy - 484777",100000000107,HDFC0001234,"HDFC Bank","Main Branch","Nikita Malpani",OVAHW0107Z,20000,8000,1600,0,1250,2500,0,1,1,1,1,1,1,new,,new,,new,part_of_ctc,30,1,,"Star Health",POL-999,500000,,2024-11-25
BLK-0108,"Aishwarya Baral",GPR-003,"Chennai Green Tower",blk.aishwarya.108@example.com,8000000108,1998-09-26,2024-10-28,"Mining Machine Operator",agency_contract,1,"22, Avantika Society, RehmanGarh Jodhpur - 445422",100000000108,HDFC0001234,"HDFC Bank","Main Branch","Aishwarya Baral",GERVQ0108B,20000,8000,1600,0,1250,2500,0,1,1,1,1,1,1,new,,new,,new,part_of_ctc,30,1,,"Star Health",POL-999,500000,,2024-10-28
BLK-0109,"Ghanshyam Sami",GPR-003,"Chennai Green Tower",blk.ghanshyam.109@example.com,8000000109,1991-05-02,2024-11-26,"Visual Designer",agency_contract,1,"73, Kharadi, Trichy - 212864",100000000109,HDFC0001234,"HDFC Bank","Main Branch","Ghanshyam Sami",XNWEG0109A,20000,8000,1600,0,1250,2500,0,1,1,1,1,1,1,new,,new,,new,part_of_ctc,30,1,,"Star Health",POL-999,500000,,2024-11-26
BLK-0110,"Swati Kurian",GPR-003,"Chennai Green Tower",blk.swati.110@example.com,8000000110,1988-03-01,2025-12-20,"Postal Clerk",agency_contract,1,"46, Damini Society, BasantiGunj Noida - 191694",100000000110,HDFC0001234,"HDFC Bank","Main Branch","Swati Kurian",PYFKV0110M,20000,8000,1600,0,1250,2500,0,1,1,1,1,1,1,new,,new,,new,part_of_ctc,30,1,,"Star Health",POL-999,500000,,2025-12-20
BLK-0111,"Nidhi Bawa",GPR-003,"Chennai Green Tower",blk.nidhi.111@example.com,8000000111,1990-06-02,2026-03-09,"School Bus Driver",agency_contract,1,"94, MuktiPur, Ranchi - 396426",100000000111,HDFC0001234,"HDFC Bank","Main Branch","Nidhi Bawa",SOWPB0111L,20000,8000,1600,0,1250,2500,0,1,1,1,1,1,1,new,,new,,new,part_of_ctc,30,1,,"Star Health",POL-999,500000,,2026-03-09
BLK-0112,"Damini Upadhyay",GPR-003,"Chennai Green Tower",blk.damini.112@example.com,8000000112,1988-03-29,2025-01-06,"Correspondence Clerk",agency_contract,1,"32, Upasana Apartments, Zara Nagar Bhopal - 136163",100000000112,HDFC0001234,"HDFC Bank","Main Branch","Damini Upadhyay",KRBWB0112B,20000,8000,1600,0,1250,2500,0,1,1,1,1,1,1,new,,new,,new,part_of_ctc,30,1,,"Star Health",POL-999,500000,,2025-01-06
BLK-0113,"Lata Dayal",GPR-003,"Chennai Green Tower",blk.lata.113@example.com,8000000113,2004-06-29,2025-11-25,"Earth Driller",agency_contract,1,"89, Urmi Apartments, Chandpole Kanpur - 424594",100000000113,HDFC0001234,"HDFC Bank","Main Branch","Lata Dayal",BRXCY0113S,20000,8000,1600,0,1250,2500,0,1,1,1,1,1,1,new,,new,,new,part_of_ctc,30,1,,"Star Health",POL-999,500000,,2025-11-25
BLK-0114,"Uma Dayal",GPR-003,"Chennai Green Tower",blk.uma.114@example.com,8000000114,1988-01-03,2026-05-08,"Supervisor of Police",agency_contract,1,"65, Pranab Heights, Harmada Guwahati - 168045",100000000114,HDFC0001234,"HDFC Bank","Main Branch","Uma Dayal",DGSCP0114B,20000,8000,1600,0,1250,2500,0,1,1,1,1,1,1,new,,new,,new,part_of_ctc,30,1,,"Star Health",POL-999,500000,,2026-05-08
BLK-0115,"Mridula Sibal",GPR-003,"Chennai Green Tower",blk.mridula.115@example.com,8000000115,1988-12-10,2026-05-20,"Employment Interviewer",agency_contract,1,"87, Anjana Society, Mansarovar Chandigarh - 340099",100000000115,HDFC0001234,"HDFC Bank","Main Branch","Mridula Sibal",SOXJD0115P,20000,8000,1600,0,1250,2500,0,1,1,1,1,1,1,new,,new,,new,part_of_ctc,30,1,,"Star Health",POL-999,500000,,2026-05-20
BLK-0116,"Sahil Chacko",GPR-003,"Chennai Green Tower",blk.sahil.116@example.com,8000000116,1994-07-18,2024-10-09,Locksmith,agency_contract,1,"47, Raghavan Chowk, Gandhinagar - 576920",100000000116,HDFC0001234,"HDFC Bank","Main Branch","Sahil Chacko",DYXFV0116P,20000,8000,1600,0,1250,2500,0,1,1,1,1,1,1,new,,new,,new,part_of_ctc,30,1,,"Star Health",POL-999,500000,,2024-10-09
BLK-0117,"Damini Sankaran",GPR-003,"Chennai Green Tower",blk.damini.117@example.com,8000000117,1996-03-26,2024-11-01,"Transportation Inspector",agency_contract,1,"13, Habib Villas, Malad Surat - 332800",100000000117,HDFC0001234,"HDFC Bank","Main Branch","Damini Sankaran",MQFNJ0117M,20000,8000,1600,0,1250,2500,0,1,1,1,1,1,1,new,,new,,new,part_of_ctc,30,1,,"Star Health",POL-999,500000,,2024-11-01
BLK-0118,"Himani Mohanty",GPR-003,"Chennai Green Tower",blk.himani.118@example.com,8000000118,1999-07-07,2025-08-19,"Substance Abuse Counselor",agency_contract,1,"17, VarunGunj, Jabalpur - 403128",100000000118,HDFC0001234,"HDFC Bank","Main Branch","Himani Mohanty",BNNZV0118P,20000,8000,1600,0,1250,2500,0,1,1,1,1,1,1,new,,new,,new,part_of_ctc,30,1,,"Star Health",POL-999,500000,,2025-08-19
BLK-0119,"Afreen Varma",GPR-003,"Chennai Green Tower",blk.afreen.119@example.com,8000000119,2003-09-07,2026-05-01,"Separating Machine Operators",agency_contract,1,"92, Subhash Society, IndraniPur Surat - 263855",100000000119,HDFC0001234,"HDFC Bank","Main Branch","Afreen Varma",HARBI0119V,20000,8000,1600,0,1250,2500,0,1,1,1,1,1,1,new,,new,,new,part_of_ctc,30,1,,"Star Health",POL-999,500000,,2026-05-01
BLK-0120,"Krishna Khurana",GPR-003,"Chennai Green Tower",blk.krishna.120@example.com,8000000120,1997-06-28,2025-09-11,"Geography Teacher",agency_contract,1,"78, Churchgate, Ratlam - 458516",100000000120,HDFC0001234,"HDFC Bank","Main Branch","Krishna Khurana",XEUNS0120M,20000,8000,1600,0,1250,2500,0,1,1,1,1,1,1,new,,new,,new,part_of_ctc,30,1,,"Star Health",POL-999,500000,,2025-09-11
BLK-0121,"Nancy Dua",GPR-003,"Chennai Green Tower",blk.nancy.121@example.com,8000000121,1995-07-10,2025-03-07,"Electric Motor Repairer",agency_contract,1,"74, Ujwal Apartments, Harmada Udaipur - 368830",100000000121,HDFC0001234,"HDFC Bank","Main Branch","Nancy Dua",UBOVA0121F,20000,8000,1600,0,1250,2500,0,1,1,1,1,1,1,new,,new,,new,part_of_ctc,30,1,,"Star Health",POL-999,500000,,2025-03-07
BLK-0122,"Jack Sem",GPR-003,"Chennai Green Tower",blk.jack.122@example.com,8000000122,1999-09-19,2025-06-26,"Railroad Conductors",agency_contract,1,"27, RunjhunPur, Kochi - 447707",100000000122,HDFC0001234,"HDFC Bank","Main Branch","Jack Sem",RFGEV0122K,20000,8000,1600,0,1250,2500,0,1,1,1,1,1,1,new,,new,,new,part_of_ctc,30,1,,"Star Health",POL-999,500000,,2025-06-26
BLK-0123,"Aayushi Mann",GPR-003,"Chennai Green Tower",blk.aayushi.123@example.com,8000000123,1991-10-29,2025-03-08,"Chemical Equipment Operator",agency_contract,1,"40, Afreen Apartments, NitikaGarh Bikaner - 329746",100000000123,HDFC0001234,"HDFC Bank","Main Branch","Aayushi Mann",RJIAS0123A,20000,8000,1600,0,1250,2500,0,1,1,1,1,1,1,new,,new,,new,part_of_ctc,30,1,,"Star Health",POL-999,500000,,2025-03-08
BLK-0124,"Aishwarya Nori",GPR-003,"Chennai Green Tower",blk.aishwarya.124@example.com,8000000124,2002-07-24,2025-03-25,"Merchandise Displayer OR Window Trimmer",agency_contract,1,"67, Radheshyam Heights, Goregaon Mumbai - 260579",100000000124,HDFC0001234,"HDFC Bank","Main Branch","Aishwarya Nori",ABYWF0124W,20000,8000,1600,0,1250,2500,0,1,1,1,1,1,1,new,,new,,new,part_of_ctc,30,1,,"Star Health",POL-999,500000,,2025-03-25
BLK-0125,"Parvez Samuel",GPR-003,"Chennai Green Tower",blk.parvez.125@example.com,8000000125,1990-03-11,2025-01-11,"Park Naturalist",agency_contract,1,"18, Satishwar Villas, Hinjewadi Trichy - 487454",100000000125,HDFC0001234,"HDFC Bank","Main Branch","Parvez Samuel",UMYAY0125I,20000,8000,1600,0,1250,2500,0,1,1,1,1,1,1,new,,new,,new,part_of_ctc,30,1,,"Star Health",POL-999,500000,,2025-01-11
BLK-0126,"Jack Hora",GPR-003,"Chennai Green Tower",blk.jack.126@example.com,8000000126,1989-11-06,2024-08-02,"Psychiatric Aide",agency_contract,1,"40, Cyber City, Jodhpur - 371487",100000000126,HDFC0001234,"HDFC Bank","Main Branch","Jack Hora",EPSTK0126E,20000,8000,1600,0,1250,2500,0,1,1,1,1,1,1,new,,new,,new,part_of_ctc,30,1,,"Star Health",POL-999,500000,,2024-08-02
BLK-0127,"Chandni Kara",GPR-003,"Chennai Green Tower",blk.chandni.127@example.com,8000000127,1994-05-01,2026-06-15,"Grounds Maintenance Worker",agency_contract,1,"44, Alaknanda Chowk, Vadodara - 340500",100000000127,HDFC0001234,"HDFC Bank","Main Branch","Chandni Kara",OIZGA0127Y,20000,8000,1600,0,1250,2500,0,1,1,1,1,1,1,new,,new,,new,part_of_ctc,30,1,,"Star Health",POL-999,500000,,2026-06-15
BLK-0128,"Neela Talwar",GPR-003,"Chennai Green Tower",blk.neela.128@example.com,8000000128,1987-10-23,2025-12-10,"Travel Clerk",agency_contract,1,"62, Anshula Nagar, Agra - 297871",100000000128,HDFC0001234,"HDFC Bank","Main Branch","Neela Talwar",HVBKP0128N,20000,8000,1600,0,1250,2500,0,1,1,1,1,1,1,new,,new,,new,part_of_ctc,30,1,,"Star Health",POL-999,500000,,2025-12-10
BLK-0129,"Hetan Hayer",GPR-003,"Chennai Green Tower",blk.hetan.129@example.com,8000000129,1997-09-07,2025-05-15,"Bus Driver",agency_contract,1,"89, Srinivasan Apartments, Andheri Ratlam - 232198",100000000129,HDFC0001234,"HDFC Bank","Main Branch","Hetan Hayer",NQWGA0129I,20000,8000,1600,0,1250,2500,0,1,1,1,1,1,1,new,,new,,new,part_of_ctc,30,1,,"Star Health",POL-999,500000,,2025-05-15
BLK-0130,"Chandni Bobal",GPR-003,"Chennai Green Tower",blk.chandni.130@example.com,8000000130,1987-07-11,2025-09-09,"Home Appliance Installer",agency_contract,1,"77, Bandra, Panaji - 227721",100000000130,HDFC0001234,"HDFC Bank","Main Branch","Chandni Bobal",TRUGQ0130S,20000,8000,1600,0,1250,2500,0,1,1,1,1,1,1,new,,new,,new,part_of_ctc,30,1,,"Star Health",POL-999,500000,,2025-09-09
BLK-0131,"Riya Aurora",GPR-003,"Chennai Green Tower",blk.riya.131@example.com,8000000131,1996-05-27,2025-03-05,"License Clerk",agency_contract,1,"29, Harpreet Chowk, Nashik - 138050",100000000131,HDFC0001234,"HDFC Bank","Main Branch","Riya Aurora",KOJMI0131G,20000,8000,1600,0,1250,2500,0,1,1,1,1,1,1,new,,new,,new,part_of_ctc,30,1,,"Star Health",POL-999,500000,,2025-03-05
BLK-0132,"Jobin Deshpande",GPR-003,"Chennai Green Tower",blk.jobin.132@example.com,8000000132,1995-05-08,2024-11-13,"Automotive Specialty Technician",agency_contract,1,"47, Kim Society, Sneha Nagar Bengaluru - 375569",100000000132,HDFC0001234,"HDFC Bank","Main Branch","Jobin Deshpande",PTZSJ0132K,20000,8000,1600,0,1250,2500,0,1,1,1,1,1,1,new,,new,,new,part_of_ctc,30,1,,"Star Health",POL-999,500000,,2024-11-13
BLK-0133,"Binita Bumb",GPR-003,"Chennai Green Tower",blk.binita.133@example.com,8000000133,1993-02-14,2025-12-08,"Tire Changer",agency_contract,1,"24, Nakul Society, Chandpole Meerut - 164412",100000000133,HDFC0001234,"HDFC Bank","Main Branch","Binita Bumb",JAEGT0133V,20000,8000,1600,0,1250,2500,0,1,1,1,1,1,1,new,,new,,new,part_of_ctc,30,1,,"Star Health",POL-999,500000,,2025-12-08
BLK-0134,"Subhash Mand",GPR-003,"Chennai Green Tower",blk.subhash.134@example.com,8000000134,2003-04-26,2026-02-21,"Streetcar Operator",agency_contract,1,"45, Vineeta Heights, YasminPur Chennai - 328837",100000000134,HDFC0001234,"HDFC Bank","Main Branch","Subhash Mand",RXEAZ0134A,20000,8000,1600,0,1250,2500,0,1,1,1,1,1,1,new,,new,,new,part_of_ctc,30,1,,"Star Health",POL-999,500000,,2026-02-21
BLK-0135,"Abdul Bir",GPR-003,"Chennai Green Tower",blk.abdul.135@example.com,8000000135,1997-06-10,2024-08-10,"Electrical Parts Reconditioner",agency_contract,1,"34, Kalpana Society, Bandra Ratlam - 530129",100000000135,HDFC0001234,"HDFC Bank","Main Branch","Abdul Bir",BVKDA0135A,20000,8000,1600,0,1250,2500,0,1,1,1,1,1,1,new,,new,,new,part_of_ctc,30,1,,"Star Health",POL-999,500000,,2024-08-10
BLK-0136,"Drishti Mehan",GPR-003,"Chennai Green Tower",blk.drishti.136@example.com,8000000136,1987-02-10,2024-08-10,"Parking Enforcement Worker",agency_contract,1,"30, Lalit Chowk, Trichy - 563572",100000000136,HDFC0001234,"HDFC Bank","Main Branch","Drishti Mehan",OJRMY0136B,20000,8000,1600,0,1250,2500,0,1,1,1,1,1,1,new,,new,,new,part_of_ctc,30,1,,"Star Health",POL-999,500000,,2024-08-10
BLK-0137,"Kim Chand",GPR-003,"Chennai Green Tower",blk.kim.137@example.com,8000000137,2001-01-25,2026-03-02,Drafter,agency_contract,1,"27, Churchgate, Nashik - 350400",100000000137,HDFC0001234,"HDFC Bank","Main Branch","Kim Chand",NPXES0137K,20000,8000,1600,0,1250,2500,0,1,1,1,1,1,1,new,,new,,new,part_of_ctc,30,1,,"Star Health",POL-999,500000,,2026-03-02
BLK-0138,"Diya Minhas",GPR-003,"Chennai Green Tower",blk.diya.138@example.com,8000000138,1998-12-07,2025-11-26,Assessor,agency_contract,1,"26, Hira Society, Borivali Mysore - 399491",100000000138,HDFC0001234,"HDFC Bank","Main Branch","Diya Minhas",SLCQN0138G,20000,8000,1600,0,1250,2500,0,1,1,1,1,1,1,new,,new,,new,part_of_ctc,30,1,,"Star Health",POL-999,500000,,2025-11-26
BLK-0139,"Drishti Baral",GPR-003,"Chennai Green Tower",blk.drishti.139@example.com,8000000139,2000-05-31,2025-07-12,"Forest Fire Fighter",agency_contract,1,"32, Aabha Society, Gulzar Nagar Faridabad - 239125",100000000139,HDFC0001234,"HDFC Bank","Main Branch","Drishti Baral",ZJIMV0139J,20000,8000,1600,0,1250,2500,0,1,1,1,1,1,1,new,,new,,new,part_of_ctc,30,1,,"Star Health",POL-999,500000,,2025-07-12
BLK-0140,"Tabeed Jha",GPR-003,"Chennai Green Tower",blk.tabeed.140@example.com,8000000140,1991-02-06,2026-01-17,Judge,agency_contract,1,"30, Aastha Heights, Hinjewadi Ludhiana - 459605",100000000140,HDFC0001234,"HDFC Bank","Main Branch","Tabeed Jha",PRXIN0140J,20000,8000,1600,0,1250,2500,0,1,1,1,1,1,1,new,,new,,new,part_of_ctc,30,1,,"Star Health",POL-999,500000,,2026-01-17
BLK-0141,"Ajay Pillai",GPR-003,"Chennai Green Tower",blk.ajay.141@example.com,8000000141,2004-07-09,2026-04-10,"Postsecondary Teacher",agency_contract,1,"24, Kormangala, Panaji - 484785",100000000141,HDFC0001234,"HDFC Bank","Main Branch","Ajay Pillai",QZYRD0141Z,20000,8000,1600,0,1250,2500,0,1,1,1,1,1,1,new,,new,,new,part_of_ctc,30,1,,"Star Health",POL-999,500000,,2026-04-10
BLK-0142,"Anees Basu",GPR-003,"Chennai Green Tower",blk.anees.142@example.com,8000000142,1987-08-06,2025-07-04,"Statistical Assistant",agency_contract,1,"97, Parminder Society, Mowgli Nagar Kochi - 117983",100000000142,HDFC0001234,"HDFC Bank","Main Branch","Anees Basu",OCLFY0142Y,20000,8000,1600,0,1250,2500,0,1,1,1,1,1,1,new,,new,,new,part_of_ctc,30,1,,"Star Health",POL-999,500000,,2025-07-04
BLK-0143,"Munaf Bora",GPR-003,"Chennai Green Tower",blk.munaf.143@example.com,8000000143,1991-01-09,2024-09-18,"Forest Fire Inspector",agency_contract,1,"37, Kalpit Nagar, Gurgaon - 136173",100000000143,HDFC0001234,"HDFC Bank","Main Branch","Munaf Bora",IHLKL0143T,20000,8000,1600,0,1250,2500,0,1,1,1,1,1,1,new,,new,,new,part_of_ctc,30,1,,"Star Health",POL-999,500000,,2024-09-18
BLK-0144,"Lakshmi Grover",GPR-003,"Chennai Green Tower",blk.lakshmi.144@example.com,8000000144,1999-09-15,2025-01-03,"Production Manager",agency_contract,1,"24, Virar, Warangal - 126260",100000000144,HDFC0001234,"HDFC Bank","Main Branch","Lakshmi Grover",XJDWM0144A,20000,8000,1600,0,1250,2500,0,1,1,1,1,1,1,new,,new,,new,part_of_ctc,30,1,,"Star Health",POL-999,500000,,2025-01-03
BLK-0145,"Megha Panchal",GPR-003,"Chennai Green Tower",blk.megha.145@example.com,8000000145,2001-02-07,2025-10-02,"Management Analyst",agency_contract,1,"84, Dipti Villas, Virar Pilani - 223055",100000000145,HDFC0001234,"HDFC Bank","Main Branch","Megha Panchal",IPYEP0145M,20000,8000,1600,0,1250,2500,0,1,1,1,1,1,1,new,,new,,new,part_of_ctc,30,1,,"Star Health",POL-999,500000,,2025-10-02
BLK-0146,"Megha Dash",GPR-003,"Chennai Green Tower",blk.megha.146@example.com,8000000146,2001-05-01,2025-02-27,"Service Station Attendant",agency_contract,1,"27, Satish Chowk, New Delhi - 173659",100000000146,HDFC0001234,"HDFC Bank","Main Branch","Megha Dash",SZPPX0146T,20000,8000,1600,0,1250,2500,0,1,1,1,1,1,1,new,,new,,new,part_of_ctc,30,1,,"Star Health",POL-999,500000,,2025-02-27
BLK-0147,"Chinmay Thakkar",GPR-003,"Chennai Green Tower",blk.chinmay.147@example.com,8000000147,2000-08-20,2025-11-06,Plumber,agency_contract,1,"31, Marathahalli, Udaipur - 367483",100000000147,HDFC0001234,"HDFC Bank","Main Branch","Chinmay Thakkar",TLPFX0147D,20000,8000,1600,0,1250,2500,0,1,1,1,1,1,1,new,,new,,new,part_of_ctc,30,1,,"Star Health",POL-999,500000,,2025-11-06
BLK-0148,"Savita Kapoor",GPR-003,"Chennai Green Tower",blk.savita.148@example.com,8000000148,2001-12-06,2025-11-07,"Central Office",agency_contract,1,"69, Harmada, Mumbai - 382007",100000000148,HDFC0001234,"HDFC Bank","Main Branch","Savita Kapoor",JKWTH0148D,20000,8000,1600,0,1250,2500,0,1,1,1,1,1,1,new,,new,,new,part_of_ctc,30,1,,"Star Health",POL-999,500000,,2025-11-07
BLK-0149,"Dipti Chakrabarti",GPR-003,"Chennai Green Tower",blk.dipti.149@example.com,8000000149,1992-09-08,2025-01-23,"Elementary School Teacher",agency_contract,1,"88, Nawab Society, Mansarovar Srinagar - 140711",100000000149,HDFC0001234,"HDFC Bank","Main Branch","Dipti Chakrabarti",KFSQN0149D,20000,8000,1600,0,1250,2500,0,1,1,1,1,1,1,new,,new,,new,part_of_ctc,30,1,,"Star Health",POL-999,500000,,2025-01-23
BLK-0150,"Tushar Rau",GPR-003,"Chennai Green Tower",blk.tushar.150@example.com,8000000150,1997-08-17,2025-04-22,"Power Plant Operator",agency_contract,1,"15, Ram Gopal Society, Sodala Raipur - 525740",100000000150,HDFC0001234,"HDFC Bank","Main Branch","Tushar Rau",LMITG0150H,20000,8000,1600,0,1250,2500,0,1,1,1,1,1,1,new,,new,,new,part_of_ctc,30,1,,"Star Health",POL-999,500000,,2025-04-22
BLK-0151,"Bhola Sing",ZHL-004,"Head Office",blk.bhola.151@example.com,8000000151,1999-03-09,2025-01-26,"Wholesale Buyer",agency_contract,1,"77, Ambika Heights, MunafGunj Udaipur - 435970",100000000151,HDFC0001234,"HDFC Bank","Main Branch","Bhola Sing",QRRBD0151F,20000,8000,1600,0,1250,2500,0,1,1,1,1,1,1,new,,new,,new,part_of_ctc,30,1,,"Star Health",POL-999,500000,,2025-01-26
BLK-0152,"Taahid Sahni",ZHL-004,"Head Office",blk.taahid.152@example.com,8000000152,1999-11-16,2025-02-02,"Housekeeping Supervisor",agency_contract,1,"93, Mansarovar, Kota - 476180",100000000152,HDFC0001234,"HDFC Bank","Main Branch","Taahid Sahni",VRBOX0152H,20000,8000,1600,0,1250,2500,0,1,1,1,1,1,1,new,,new,,new,part_of_ctc,30,1,,"Star Health",POL-999,500000,,2025-02-02
BLK-0153,"Divya Bahl",ZHL-004,"Head Office",blk.divya.153@example.com,8000000153,2000-01-21,2024-11-25,Butcher,agency_contract,1,"21, Sunita Apartments, ObaidGarh Chandigarh - 120756",100000000153,HDFC0001234,"HDFC Bank","Main Branch","Divya Bahl",CWGUE0153R,20000,8000,1600,0,1250,2500,0,1,1,1,1,1,1,new,,new,,new,part_of_ctc,30,1,,"Star Health",POL-999,500000,,2024-11-25
BLK-0154,"Omar Dad",ZHL-004,"Head Office",blk.omar.154@example.com,8000000154,1999-06-05,2025-07-16,"Political Science Teacher",agency_contract,1,"14, Urmi Villas, Sahil Nagar Hyderabad - 451151",100000000154,HDFC0001234,"HDFC Bank","Main Branch","Omar Dad",GCYZJ0154R,20000,8000,1600,0,1250,2500,0,1,1,1,1,1,1,new,,new,,new,part_of_ctc,30,1,,"Star Health",POL-999,500000,,2025-07-16
BLK-0155,"Devika Sachdev",ZHL-004,"Head Office",blk.devika.155@example.com,8000000155,1994-09-06,2024-12-16,Physicist,agency_contract,1,"98, Urmila Heights, SidGarh Kolkata - 174190",100000000155,HDFC0001234,"HDFC Bank","Main Branch","Devika Sachdev",DQEZC0155G,20000,8000,1600,0,1250,2500,0,1,1,1,1,1,1,new,,new,,new,part_of_ctc,30,1,,"Star Health",POL-999,500000,,2024-12-16
BLK-0156,"Ricky Taneja",ZHL-004,"Head Office",blk.ricky.156@example.com,8000000156,1991-03-29,2025-10-31,"Landscape Artist",agency_contract,1,"25, Amrita Villas, Chandpole Chennai - 345667",100000000156,HDFC0001234,"HDFC Bank","Main Branch","Ricky Taneja",CGMXS0156X,20000,8000,1600,0,1250,2500,0,1,1,1,1,1,1,new,,new,,new,part_of_ctc,30,1,,"Star Health",POL-999,500000,,2025-10-31
BLK-0157,"Usman Subramanian",ZHL-004,"Head Office",blk.usman.157@example.com,8000000157,1987-03-20,2025-06-02,"Ophthalmic Laboratory Technician",agency_contract,1,"98, Vikhroli, Udaipur - 126155",100000000157,HDFC0001234,"HDFC Bank","Main Branch","Usman Subramanian",GPOGQ0157C,20000,8000,1600,0,1250,2500,0,1,1,1,1,1,1,new,,new,,new,part_of_ctc,30,1,,"Star Health",POL-999,500000,,2025-06-02
BLK-0158,"Venkat Issac",ZHL-004,"Head Office",blk.venkat.158@example.com,8000000158,2003-10-17,2024-08-01,"Installation and Repair Technician",agency_contract,1,"24, Ajeet Apartments, Hadapsar Ratlam - 435528",100000000158,HDFC0001234,"HDFC Bank","Main Branch","Venkat Issac",CKPLH0158T,20000,8000,1600,0,1250,2500,0,1,1,1,1,1,1,new,,new,,new,part_of_ctc,30,1,,"Star Health",POL-999,500000,,2024-08-01
BLK-0159,"Kasturba Boase",ZHL-004,"Head Office",blk.kasturba.159@example.com,8000000159,2001-05-30,2024-10-12,"Philosophy and Religion Teacher",agency_contract,1,"90, Arvind Apartments, Roma Nagar Jaipur - 423117",100000000159,HDFC0001234,"HDFC Bank","Main Branch","Kasturba Boase",TLNUT0159B,20000,8000,1600,0,1250,2500,0,1,1,1,1,1,1,new,,new,,new,part_of_ctc,30,1,,"Star Health",POL-999,500000,,2024-10-12
BLK-0160,"Heer Gagrani",ZHL-004,"Head Office",blk.heer.160@example.com,8000000160,1987-07-23,2025-06-27,"Percussion Instrument Repairer",agency_contract,1,"33, Model Town, Noida - 245556",100000000160,HDFC0001234,"HDFC Bank","Main Branch","Heer Gagrani",JZEXA0160I,20000,8000,1600,0,1250,2500,0,1,1,1,1,1,1,new,,new,,new,part_of_ctc,30,1,,"Star Health",POL-999,500000,,2025-06-27
BLK-0161,"Aayushi Borde",ZHL-004,"Head Office",blk.aayushi.161@example.com,8000000161,1997-06-15,2025-08-20,"Marking Clerk",agency_contract,1,"42, SohailGunj, Pune - 175429",100000000161,HDFC0001234,"HDFC Bank","Main Branch","Aayushi Borde",MOLQA0161G,20000,8000,1600,0,1250,2500,0,1,1,1,1,1,1,new,,new,,new,part_of_ctc,30,1,,"Star Health",POL-999,500000,,2025-08-20
BLK-0162,"Meghana Meda",ZHL-004,"Head Office",blk.meghana.162@example.com,8000000162,1999-05-11,2026-01-03,"Sales Representative",agency_contract,1,"53, Mridula Chowk, Mumbai - 335242",100000000162,HDFC0001234,"HDFC Bank","Main Branch","Meghana Meda",LRXON0162C,20000,8000,1600,0,1250,2500,0,1,1,1,1,1,1,new,,new,,new,part_of_ctc,30,1,,"Star Health",POL-999,500000,,2026-01-03
BLK-0163,"Veena Rout",ZHL-004,"Head Office",blk.veena.163@example.com,8000000163,2000-02-23,2025-07-30,"General Farmworker",agency_contract,1,"15, Pravin Villas, PoonamGunj Vishakhapattanam - 579444",100000000163,HDFC0001234,"HDFC Bank","Main Branch","Veena Rout",PRVTS0163N,20000,8000,1600,0,1250,2500,0,1,1,1,1,1,1,new,,new,,new,part_of_ctc,30,1,,"Star Health",POL-999,500000,,2025-07-30
BLK-0164,"Amrita Divan",ZHL-004,"Head Office",blk.amrita.164@example.com,8000000164,2001-10-26,2025-06-15,"Construction Laborer",agency_contract,1,"71, YashPur, Pilani - 103472",100000000164,HDFC0001234,"HDFC Bank","Main Branch","Amrita Divan",JEAAI0164N,20000,8000,1600,0,1250,2500,0,1,1,1,1,1,1,new,,new,,new,part_of_ctc,30,1,,"Star Health",POL-999,500000,,2025-06-15
BLK-0165,"Poonam Pandit",ZHL-004,"Head Office",blk.poonam.165@example.com,8000000165,1993-04-04,2026-01-23,"Radar Technician",agency_contract,1,"73, NarayanGunj, Jammu - 280197",100000000165,HDFC0001234,"HDFC Bank","Main Branch","Poonam Pandit",WNAQR0165E,20000,8000,1600,0,1250,2500,0,1,1,1,1,1,1,new,,new,,new,part_of_ctc,30,1,,"Star Health",POL-999,500000,,2026-01-23
BLK-0166,"Aayushi Singhal",ZHL-004,"Head Office",blk.aayushi.166@example.com,8000000166,1986-10-07,2026-06-21,Accountant,agency_contract,1,"63, Akanksha Society, Deccan Gymkhana Darjeeling - 501802",100000000166,HDFC0001234,"HDFC Bank","Main Branch","Aayushi Singhal",ARVZF0166J,20000,8000,1600,0,1250,2500,0,1,1,1,1,1,1,new,,new,,new,part_of_ctc,30,1,,"Star Health",POL-999,500000,,2026-06-21
BLK-0167,"Rashid Dutt",ZHL-004,"Head Office",blk.rashid.167@example.com,8000000167,2002-04-23,2026-02-20,"Tire Builder",agency_contract,1,"13, Cyber City, Gurgaon - 371196",100000000167,HDFC0001234,"HDFC Bank","Main Branch","Rashid Dutt",KNRCC0167U,20000,8000,1600,0,1250,2500,0,1,1,1,1,1,1,new,,new,,new,part_of_ctc,30,1,,"Star Health",POL-999,500000,,2026-02-20
BLK-0168,"Rupal Raman",ZHL-004,"Head Office",blk.rupal.168@example.com,8000000168,2004-04-05,2025-12-23,Dancer,agency_contract,1,"17, Jagdish Apartments, Yeshwanthpura Bhopal - 174473",100000000168,HDFC0001234,"HDFC Bank","Main Branch","Rupal Raman",VVTIE0168V,20000,8000,1600,0,1250,2500,0,1,1,1,1,1,1,new,,new,,new,part_of_ctc,30,1,,"Star Health",POL-999,500000,,2025-12-23
BLK-0169,"Mukti Mahadeo",ZHL-004,"Head Office",blk.mukti.169@example.com,8000000169,1994-05-13,2025-06-04,"Gas Processing Plant Operator",agency_contract,1,"25, Neerendra Society, Marathahalli Kolkata - 301628",100000000169,HDFC0001234,"HDFC Bank","Main Branch","Mukti Mahadeo",UXRFV0169R,20000,8000,1600,0,1250,2500,0,1,1,1,1,1,1,new,,new,,new,part_of_ctc,30,1,,"Star Health",POL-999,500000,,2025-06-04
BLK-0170,"Damini Vohra",ZHL-004,"Head Office",blk.damini.170@example.com,8000000170,1996-12-19,2025-12-14,Concierge,agency_contract,1,"46, Akhila Heights, Nalini Chowk Hisar - 420840",100000000170,HDFC0001234,"HDFC Bank","Main Branch","Damini Vohra",KYRVA0170I,20000,8000,1600,0,1250,2500,0,1,1,1,1,1,1,new,,new,,new,part_of_ctc,30,1,,"Star Health",POL-999,500000,,2025-12-14
BLK-0171,"Upasana Pai",ZHL-004,"Head Office",blk.upasana.171@example.com,8000000171,1989-05-21,2025-06-24,"Night Security Guard",agency_contract,1,"12, Faisal Villas, AishaGunj New Delhi - 316963",100000000171,HDFC0001234,"HDFC Bank","Main Branch","Upasana Pai",ZUJKH0171D,20000,8000,1600,0,1250,2500,0,1,1,1,1,1,1,new,,new,,new,part_of_ctc,30,1,,"Star Health",POL-999,500000,,2025-06-24
BLK-0172,"Nishtha Mukhopadhyay",ZHL-004,"Head Office",blk.nishtha.172@example.com,8000000172,1996-09-11,2025-12-13,Farmworker,agency_contract,1,"29, Virar, Jammu - 174488",100000000172,HDFC0001234,"HDFC Bank","Main Branch","Nishtha Mukhopadhyay",FXJVR0172E,20000,8000,1600,0,1250,2500,0,1,1,1,1,1,1,new,,new,,new,part_of_ctc,30,1,,"Star Health",POL-999,500000,,2025-12-13
BLK-0173,"Naina Srivastava",ZHL-004,"Head Office",blk.naina.173@example.com,8000000173,1998-07-12,2025-07-18,"Precision Etcher and Engraver",agency_contract,1,"55, Aadil Chowk, Ratlam - 440843",100000000173,HDFC0001234,"HDFC Bank","Main Branch","Naina Srivastava",BISLM0173D,20000,8000,1600,0,1250,2500,0,1,1,1,1,1,1,new,,new,,new,part_of_ctc,30,1,,"Star Health",POL-999,500000,,2025-07-18
BLK-0174,"Aruna Sanghvi",ZHL-004,"Head Office",blk.aruna.174@example.com,8000000174,1989-12-19,2024-12-23,"Rotary Drill Operator",agency_contract,1,"59, Yerwada, Alwar - 346177",100000000174,HDFC0001234,"HDFC Bank","Main Branch","Aruna Sanghvi",NUBOZ0174W,20000,8000,1600,0,1250,2500,0,1,1,1,1,1,1,new,,new,,new,part_of_ctc,30,1,,"Star Health",POL-999,500000,,2024-12-23
BLK-0175,"Arpit Boase",ZHL-004,"Head Office",blk.arpit.175@example.com,8000000175,1990-09-01,2025-08-12,"Forest Fire Fighter",agency_contract,1,"51, Ujwal Heights, PreshitaPur Thiruvananthapuram - 249299",100000000175,HDFC0001234,"HDFC Bank","Main Branch","Arpit Boase",IRPWQ0175N,20000,8000,1600,0,1250,2500,0,1,1,1,1,1,1,new,,new,,new,part_of_ctc,30,1,,"Star Health",POL-999,500000,,2025-08-12
BLK-0176,"Himani Mody",ZHL-004,"Head Office",blk.himani.176@example.com,8000000176,1986-09-20,2024-09-06,"Buffing and Polishing Operator",agency_contract,1,"16, Pinky Apartments, Dadar Meerut - 577860",100000000176,HDFC0001234,"HDFC Bank","Main Branch","Himani Mody",OXYJM0176G,20000,8000,1600,0,1250,2500,0,1,1,1,1,1,1,new,,new,,new,part_of_ctc,30,1,,"Star Health",POL-999,500000,,2024-09-06
BLK-0177,"Madhu Ganguly",ZHL-004,"Head Office",blk.madhu.177@example.com,8000000177,1987-12-16,2024-10-10,"Computer Support Specialist",agency_contract,1,"97, Sheetal Society, DivyaGarh Lucknow - 304467",100000000177,HDFC0001234,"HDFC Bank","Main Branch","Madhu Ganguly",CMXIT0177J,20000,8000,1600,0,1250,2500,0,1,1,1,1,1,1,new,,new,,new,part_of_ctc,30,1,,"Star Health",POL-999,500000,,2024-10-10
BLK-0178,"Ritika Bajwa",ZHL-004,"Head Office",blk.ritika.178@example.com,8000000178,1989-05-22,2026-06-02,Electrician,agency_contract,1,"76, Samir Heights, Harmada Jabalpur - 245214",100000000178,HDFC0001234,"HDFC Bank","Main Branch","Ritika Bajwa",NAPRK0178U,20000,8000,1600,0,1250,2500,0,1,1,1,1,1,1,new,,new,,new,part_of_ctc,30,1,,"Star Health",POL-999,500000,,2026-06-02
BLK-0179,"Indrani Varughese",ZHL-004,"Head Office",blk.indrani.179@example.com,8000000179,1999-09-24,2025-04-20,"Soil Scientist OR Plant Scientist",agency_contract,1,"33, Chinchwad, Delhi - 435190",100000000179,HDFC0001234,"HDFC Bank","Main Branch","Indrani Varughese",LMMOG0179P,20000,8000,1600,0,1250,2500,0,1,1,1,1,1,1,new,,new,,new,part_of_ctc,30,1,,"Star Health",POL-999,500000,,2025-04-20
BLK-0180,"Pradeep Soni",ZHL-004,"Head Office",blk.pradeep.180@example.com,8000000180,1995-09-04,2025-09-14,"Government Property Inspector",agency_contract,1,"66, MohanGarh, Vadodara - 245578",100000000180,HDFC0001234,"HDFC Bank","Main Branch","Pradeep Soni",NBZBA0180M,20000,8000,1600,0,1250,2500,0,1,1,1,1,1,1,new,,new,,new,part_of_ctc,30,1,,"Star Health",POL-999,500000,,2025-09-14
BLK-0181,"Raju Sheth",ZHL-004,"Head Office",blk.raju.181@example.com,8000000181,1998-10-25,2024-10-29,"Sawing Machine Setter",agency_contract,1,"64, Goregaon, Ratlam - 525874",100000000181,HDFC0001234,"HDFC Bank","Main Branch","Raju Sheth",YQQWV0181S,20000,8000,1600,0,1250,2500,0,1,1,1,1,1,1,new,,new,,new,part_of_ctc,30,1,,"Star Health",POL-999,500000,,2024-10-29
BLK-0182,"Astha Koshy",ZHL-004,"Head Office",blk.astha.182@example.com,8000000182,2003-01-12,2026-06-16,"Law Teacher",agency_contract,1,"51, Rimi Apartments, Chandpole Patna - 426496",100000000182,HDFC0001234,"HDFC Bank","Main Branch","Astha Koshy",PFJEH0182L,20000,8000,1600,0,1250,2500,0,1,1,1,1,1,1,new,,new,,new,part_of_ctc,30,1,,"Star Health",POL-999,500000,,2026-06-16
BLK-0183,"Uday Chopra",ZHL-004,"Head Office",blk.uday.183@example.com,8000000183,2001-05-10,2024-08-14,"Occupational Therapist Aide",agency_contract,1,"56, Gulzar Heights, Borivali Bikaner - 476747",100000000183,HDFC0001234,"HDFC Bank","Main Branch","Uday Chopra",RIXSJ0183Z,20000,8000,1600,0,1250,2500,0,1,1,1,1,1,1,new,,new,,new,part_of_ctc,30,1,,"Star Health",POL-999,500000,,2024-08-14
BLK-0184,"Aatif Behl",ZHL-004,"Head Office",blk.aatif.184@example.com,8000000184,1990-10-12,2024-09-03,"Wholesale Buyer",agency_contract,1,"95, Esha Nagar, Ranchi - 188905",100000000184,HDFC0001234,"HDFC Bank","Main Branch","Aatif Behl",IIPJO0184J,20000,8000,1600,0,1250,2500,0,1,1,1,1,1,1,new,,new,,new,part_of_ctc,30,1,,"Star Health",POL-999,500000,,2024-09-03
BLK-0185,"Laveena Uppal",ZHL-004,"Head Office",blk.laveena.185@example.com,8000000185,1997-07-16,2025-08-23,"Manager of Weapons Specialists",agency_contract,1,"16, Kailash Villas, Kharadi Pondicherry - 491873",100000000185,HDFC0001234,"HDFC Bank","Main Branch","Laveena Uppal",KSNZJ0185M,20000,8000,1600,0,1250,2500,0,1,1,1,1,1,1,new,,new,,new,part_of_ctc,30,1,,"Star Health",POL-999,500000,,2025-08-23
BLK-0186,"Uma Devan",ZHL-004,"Head Office",blk.uma.186@example.com,8000000186,1999-10-17,2026-03-06,"Valve Repairer OR Regulator Repairer",agency_contract,1,"58, Heer Villas, DhanushPur Kolkata - 526553",100000000186,HDFC0001234,"HDFC Bank","Main Branch","Uma Devan",MFOFN0186G,20000,8000,1600,0,1250,2500,0,1,1,1,1,1,1,new,,new,,new,part_of_ctc,30,1,,"Star Health",POL-999,500000,,2026-03-06
BLK-0187,"Daanish Natt",ZHL-004,"Head Office",blk.daanish.187@example.com,8000000187,1991-12-26,2025-12-10,"Motorcycle Mechanic",agency_contract,1,"25, Ramesh Nagar, Chennai - 359996",100000000187,HDFC0001234,"HDFC Bank","Main Branch","Daanish Natt",UIKZG0187E,20000,8000,1600,0,1250,2500,0,1,1,1,1,1,1,new,,new,,new,part_of_ctc,30,1,,"Star Health",POL-999,500000,,2025-12-10
BLK-0188,"Jyoti Dutta",ZHL-004,"Head Office",blk.jyoti.188@example.com,8000000188,2002-09-19,2025-02-24,"Logging Equipment Operator",agency_contract,1,"97, Faraz Nagar, Surat - 196449",100000000188,HDFC0001234,"HDFC Bank","Main Branch","Jyoti Dutta",VVMJL0188M,20000,8000,1600,0,1250,2500,0,1,1,1,1,1,1,new,,new,,new,part_of_ctc,30,1,,"Star Health",POL-999,500000,,2025-02-24
BLK-0189,"Ajeet Mehra",ZHL-004,"Head Office",blk.ajeet.189@example.com,8000000189,2002-10-15,2025-07-17,"Heat Treating Equipment Operator",agency_contract,1,"58, Rehman Apartments, NitikaGunj Darjeeling - 364087",100000000189,HDFC0001234,"HDFC Bank","Main Branch","Ajeet Mehra",MGDKO0189U,20000,8000,1600,0,1250,2500,0,1,1,1,1,1,1,new,,new,,new,part_of_ctc,30,1,,"Star Health",POL-999,500000,,2025-07-17
BLK-0190,"Mini Sangha",ZHL-004,"Head Office",blk.mini.190@example.com,8000000190,2004-01-16,2024-10-23,Garment,agency_contract,1,"48, Gajendra Heights, JamshedPur Jammu - 491135",100000000190,HDFC0001234,"HDFC Bank","Main Branch","Mini Sangha",XYRIX0190I,20000,8000,1600,0,1250,2500,0,1,1,1,1,1,1,new,,new,,new,part_of_ctc,30,1,,"Star Health",POL-999,500000,,2024-10-23
BLK-0191,"Iqbal Chaudhry",ZHL-004,"Head Office",blk.iqbal.191@example.com,8000000191,2002-06-30,2025-08-06,"Probation Officers and Correctional Treatment Specialist",agency_contract,1,"64, Malad, Jodhpur - 211830",100000000191,HDFC0001234,"HDFC Bank","Main Branch","Iqbal Chaudhry",RTTLH0191U,20000,8000,1600,0,1250,2500,0,1,1,1,1,1,1,new,,new,,new,part_of_ctc,30,1,,"Star Health",POL-999,500000,,2025-08-06
BLK-0192,"Mohanlal Sankaran",ZHL-004,"Head Office",blk.mohanlal.192@example.com,8000000192,1997-12-04,2025-06-04,"Credit Authorizer",agency_contract,1,"57, Yerwada, Ratlam - 546905",100000000192,HDFC0001234,"HDFC Bank","Main Branch","Mohanlal Sankaran",EFDLD0192A,20000,8000,1600,0,1250,2500,0,1,1,1,1,1,1,new,,new,,new,part_of_ctc,30,1,,"Star Health",POL-999,500000,,2025-06-04
BLK-0193,"Sumit Dasgupta",ZHL-004,"Head Office",blk.sumit.193@example.com,8000000193,1999-09-01,2024-11-02,"Service Station Attendant",agency_contract,1,"68, Borivali, Simla - 354286",100000000193,HDFC0001234,"HDFC Bank","Main Branch","Sumit Dasgupta",OZBEA0193P,20000,8000,1600,0,1250,2500,0,1,1,1,1,1,1,new,,new,,new,part_of_ctc,30,1,,"Star Health",POL-999,500000,,2024-11-02
BLK-0194,"Dinesh Rau",ZHL-004,"Head Office",blk.dinesh.194@example.com,8000000194,1994-06-30,2026-03-06,"Legal Secretary",agency_contract,1,"33, Mansarovar, Ratlam - 343126",100000000194,HDFC0001234,"HDFC Bank","Main Branch","Dinesh Rau",KEMQZ0194M,20000,8000,1600,0,1250,2500,0,1,1,1,1,1,1,new,,new,,new,part_of_ctc,30,1,,"Star Health",POL-999,500000,,2026-03-06
BLK-0195,"Runjhun Solanki",ZHL-004,"Head Office",blk.runjhun.195@example.com,8000000195,1996-02-23,2025-03-19,"Electromechanical Equipment Assembler",agency_contract,1,"68, Leelawati Apartments, Urmila Nagar Patna - 408364",100000000195,HDFC0001234,"HDFC Bank","Main Branch","Runjhun Solanki",CMLXX0195Z,20000,8000,1600,0,1250,2500,0,1,1,1,1,1,1,new,,new,,new,part_of_ctc,30,1,,"Star Health",POL-999,500000,,2025-03-19
BLK-0196,"Ajay Rajan",ZHL-004,"Head Office",blk.ajay.196@example.com,8000000196,1993-04-19,2026-03-22,"Fiber Product Cutting Machine Operator",agency_contract,1,"22, Virar, Warangal - 108282",100000000196,HDFC0001234,"HDFC Bank","Main Branch","Ajay Rajan",XFMXB0196H,20000,8000,1600,0,1250,2500,0,1,1,1,1,1,1,new,,new,,new,part_of_ctc,30,1,,"Star Health",POL-999,500000,,2026-03-22
BLK-0197,"Munaf Thomas",ZHL-004,"Head Office",blk.munaf.197@example.com,8000000197,1997-07-13,2025-11-24,"Lay-Out Worker",agency_contract,1,"30, Abdul Heights, Chinchwad Kota - 589844",100000000197,HDFC0001234,"HDFC Bank","Main Branch","Munaf Thomas",JRAXP0197Z,20000,8000,1600,0,1250,2500,0,1,1,1,1,1,1,new,,new,,new,part_of_ctc,30,1,,"Star Health",POL-999,500000,,2025-11-24
BLK-0198,"Hanuman Dhingra",ZHL-004,"Head Office",blk.hanuman.198@example.com,8000000198,1989-03-06,2025-02-12,"Pewter Caster",agency_contract,1,"31, Leelawati Society, Aundh Trichy - 197748",100000000198,HDFC0001234,"HDFC Bank","Main Branch","Hanuman Dhingra",PXPWK0198H,20000,8000,1600,0,1250,2500,0,1,1,1,1,1,1,new,,new,,new,part_of_ctc,30,1,,"Star Health",POL-999,500000,,2025-02-12
BLK-0199,"Qadim Dial",ZHL-004,"Head Office",blk.qadim.199@example.com,8000000199,1993-06-17,2025-02-25,"Cultural Studies Teacher",agency_contract,1,"23, VickyPur, Ludhiana - 383751",100000000199,HDFC0001234,"HDFC Bank","Main Branch","Qadim Dial",IISAA0199E,20000,8000,1600,0,1250,2500,0,1,1,1,1,1,1,new,,new,,new,part_of_ctc,30,1,,"Star Health",POL-999,500000,,2025-02-25
BLK-0200,"Juhi Beharry",ZHL-004,"Head Office",blk.juhi.200@example.com,8000000200,1994-05-31,2025-12-04,"Parts Salesperson",agency_contract,1,"20, Pranab Chowk, Pondicherry - 386955",100000000200,HDFC0001234,"HDFC Bank","Main Branch","Juhi Beharry",YNCZV0200B,20000,8000,1600,0,1250,2500,0,1,1,1,1,1,1,new,,new,,new,part_of_ctc,30,1,,"Star Health",POL-999,500000,,2025-12-04
BLK-0201,"Monin Parmar",QAI-005,"Head Office",blk.monin.201@example.com,8000000201,2000-03-08,2024-08-23,"Municipal Fire Fighter",agency_contract,1,"74, Ram Heights, Andheri Faridabad - 566754",100000000201,HDFC0001234,"HDFC Bank","Main Branch","Monin Parmar",XXXPO0201N,20000,8000,1600,0,1250,2500,0,1,1,1,1,1,1,new,,new,,new,part_of_ctc,30,1,,"Star Health",POL-999,500000,,2024-08-23
BLK-0202,"Vimala Deep",QAI-005,"Head Office",blk.vimala.202@example.com,8000000202,1994-08-23,2026-01-18,"Financial Services Sales Agent",agency_contract,1,"40, Ragini Apartments, Yerwada Bhopal - 303478",100000000202,HDFC0001234,"HDFC Bank","Main Branch","Vimala Deep",KYIPG0202Q,20000,8000,1600,0,1250,2500,0,1,1,1,1,1,1,new,,new,,new,part_of_ctc,30,1,,"Star Health",POL-999,500000,,2026-01-18
BLK-0203,"Anjana Naidu",QAI-005,"Head Office",blk.anjana.203@example.com,8000000203,1995-12-09,2026-05-20,"Aircraft Launch and Recovery Officer",agency_contract,1,"93, WafiqGunj, Jodhpur - 553059",100000000203,HDFC0001234,"HDFC Bank","Main Branch","Anjana Naidu",YCTGO0203S,20000,8000,1600,0,1250,2500,0,1,1,1,1,1,1,new,,new,,new,part_of_ctc,30,1,,"Star Health",POL-999,500000,,2026-05-20
BLK-0204,"Urmila Sachar",QAI-005,"Head Office",blk.urmila.204@example.com,8000000204,2000-06-13,2024-10-28,"Oil Service Unit Operator",agency_contract,1,"37, Nupur Villas, NupoorGarh Lucknow - 405448",100000000204,HDFC0001234,"HDFC Bank","Main Branch","Urmila Sachar",MBLWQ0204I,20000,8000,1600,0,1250,2500,0,1,1,1,1,1,1,new,,new,,new,part_of_ctc,30,1,,"Star Health",POL-999,500000,,2024-10-28
BLK-0205,"Geetanjali Vig",QAI-005,"Head Office",blk.geetanjali.205@example.com,8000000205,1992-02-29,2024-09-09,"Industrial Machinery Mechanic",agency_contract,1,"69, KrishnaPur, Kolkata - 312961",100000000205,HDFC0001234,"HDFC Bank","Main Branch","Geetanjali Vig",APWMP0205P,20000,8000,1600,0,1250,2500,0,1,1,1,1,1,1,new,,new,,new,part_of_ctc,30,1,,"Star Health",POL-999,500000,,2024-09-09
BLK-0206,"Kalyani Mogul",QAI-005,"Head Office",blk.kalyani.206@example.com,8000000206,1993-09-05,2025-08-08,"Postal Clerk",agency_contract,1,"67, Tanuja Apartments, Jagat Nagar Chennai - 103065",100000000206,HDFC0001234,"HDFC Bank","Main Branch","Kalyani Mogul",XJWIC0206W,20000,8000,1600,0,1250,2500,0,1,1,1,1,1,1,new,,new,,new,part_of_ctc,30,1,,"Star Health",POL-999,500000,,2025-08-08
BLK-0207,"Shanti Gole",QAI-005,"Head Office",blk.shanti.207@example.com,8000000207,1991-11-25,2024-12-19,"Board Of Directors",agency_contract,1,"24, Dadar, Jammu - 357406",100000000207,HDFC0001234,"HDFC Bank","Main Branch","Shanti Gole",UPNKP0207Y,20000,8000,1600,0,1250,2500,0,1,1,1,1,1,1,new,,new,,new,part_of_ctc,30,1,,"Star Health",POL-999,500000,,2024-12-19
BLK-0208,"Nupoor Setty",QAI-005,"Head Office",blk.nupoor.208@example.com,8000000208,2004-07-04,2026-06-11,"Video Editor",agency_contract,1,"69, Malad, Agra - 399934",100000000208,HDFC0001234,"HDFC Bank","Main Branch","Nupoor Setty",IECBU0208X,20000,8000,1600,0,1250,2500,0,1,1,1,1,1,1,new,,new,,new,part_of_ctc,30,1,,"Star Health",POL-999,500000,,2026-06-11
BLK-0209,"Jagruti Kapadia",QAI-005,"Head Office",blk.jagruti.209@example.com,8000000209,2000-05-18,2024-12-23,"Manager Tactical Operations",agency_contract,1,"15, Anusha Chowk, Vishakhapattanam - 547288",100000000209,HDFC0001234,"HDFC Bank","Main Branch","Jagruti Kapadia",TAANP0209Q,20000,8000,1600,0,1250,2500,0,1,1,1,1,1,1,new,,new,,new,part_of_ctc,30,1,,"Star Health",POL-999,500000,,2024-12-23
BLK-0210,"Uma Bhatt",QAI-005,"Head Office",blk.uma.210@example.com,8000000210,2002-03-11,2024-09-24,"Marketing VP",agency_contract,1,"23, Borivali, Mysore - 540377",100000000210,HDFC0001234,"HDFC Bank","Main Branch","Uma Bhatt",ISLEF0210W,20000,8000,1600,0,1250,2500,0,1,1,1,1,1,1,new,,new,,new,part_of_ctc,30,1,,"Star Health",POL-999,500000,,2024-09-24
BLK-0211,"Amolika Ramkissoon",QAI-005,"Head Office",blk.amolika.211@example.com,8000000211,1990-09-15,2026-01-20,"Photographic Reproduction Technician",agency_contract,1,"10, VijayGunj, Jaipur - 257507",100000000211,HDFC0001234,"HDFC Bank","Main Branch","Amolika Ramkissoon",AFXOV0211W,20000,8000,1600,0,1250,2500,0,1,1,1,1,1,1,new,,new,,new,part_of_ctc,30,1,,"Star Health",POL-999,500000,,2026-01-20
BLK-0212,"Malik Hari",QAI-005,"Head Office",blk.malik.212@example.com,8000000212,2002-11-12,2025-07-31,"Job Printer",agency_contract,1,"38, Hinjewadi, Bhubhaneshwar - 566162",100000000212,HDFC0001234,"HDFC Bank","Main Branch","Malik Hari",CKICF0212C,20000,8000,1600,0,1250,2500,0,1,1,1,1,1,1,new,,new,,new,part_of_ctc,30,1,,"Star Health",POL-999,500000,,2025-07-31
BLK-0213,"Dipti Dubey",QAI-005,"Head Office",blk.dipti.213@example.com,8000000213,1995-04-23,2026-05-19,"Textile Cutting Machine Operator",agency_contract,1,"74, Smriti Apartments, AnanyaGarh Rajkot - 484131",100000000213,HDFC0001234,"HDFC Bank","Main Branch","Dipti Dubey",ZEOZV0213M,20000,8000,1600,0,1250,2500,0,1,1,1,1,1,1,new,,new,,new,part_of_ctc,30,1,,"Star Health",POL-999,500000,,2026-05-19
BLK-0214,"Nancy Dey",QAI-005,"Head Office",blk.nancy.214@example.com,8000000214,1993-12-26,2025-05-01,"Production Worker",agency_contract,1,"18, Ramesh Villas, Virar Nashik - 472111",100000000214,HDFC0001234,"HDFC Bank","Main Branch","Nancy Dey",TCJGE0214M,20000,8000,1600,0,1250,2500,0,1,1,1,1,1,1,new,,new,,new,part_of_ctc,30,1,,"Star Health",POL-999,500000,,2025-05-01
BLK-0215,"Preet Doctor",QAI-005,"Head Office",blk.preet.215@example.com,8000000215,2001-05-06,2025-12-30,"Ship Engineer",agency_contract,1,"60, Naresh Chowk, Bhubhaneshwar - 331759",100000000215,HDFC0001234,"HDFC Bank","Main Branch","Preet Doctor",MWFGC0215J,20000,8000,1600,0,1250,2500,0,1,1,1,1,1,1,new,,new,,new,part_of_ctc,30,1,,"Star Health",POL-999,500000,,2025-12-30
BLK-0216,"Ambika Keer",QAI-005,"Head Office",blk.ambika.216@example.com,8000000216,1987-04-21,2025-09-28,"Data Entry Operator",agency_contract,1,"22, Aarti Society, RashidGunj Gangtok - 157859",100000000216,HDFC0001234,"HDFC Bank","Main Branch","Ambika Keer",QZZCK0216R,20000,8000,1600,0,1250,2500,0,1,1,1,1,1,1,new,,new,,new,part_of_ctc,30,1,,"Star Health",POL-999,500000,,2025-09-28
BLK-0217,"Chandni Bawa",QAI-005,"Head Office",blk.chandni.217@example.com,8000000217,1995-11-04,2025-11-19,"Legal Support Worker",agency_contract,1,"41, AmbikaPur, Guwahati - 419032",100000000217,HDFC0001234,"HDFC Bank","Main Branch","Chandni Bawa",QALHF0217L,20000,8000,1600,0,1250,2500,0,1,1,1,1,1,1,new,,new,,new,part_of_ctc,30,1,,"Star Health",POL-999,500000,,2025-11-19
BLK-0218,"Nitika Dewan",QAI-005,"Head Office",blk.nitika.218@example.com,8000000218,2000-03-01,2026-04-08,"Telephone Operator",agency_contract,1,"90, Goregaon, Rajkot - 555351",100000000218,HDFC0001234,"HDFC Bank","Main Branch","Nitika Dewan",RQHZU0218K,20000,8000,1600,0,1250,2500,0,1,1,1,1,1,1,new,,new,,new,part_of_ctc,30,1,,"Star Health",POL-999,500000,,2026-04-08
BLK-0219,"Neha Sule",QAI-005,"Head Office",blk.neha.219@example.com,8000000219,1988-05-18,2026-01-12,"Commercial Pilot",agency_contract,1,"34, Kalpit Villas, Kormangala Nashik - 317099",100000000219,HDFC0001234,"HDFC Bank","Main Branch","Neha Sule",AKNER0219M,20000,8000,1600,0,1250,2500,0,1,1,1,1,1,1,new,,new,,new,part_of_ctc,30,1,,"Star Health",POL-999,500000,,2026-01-12
BLK-0220,"Geetanjali Sarraf",QAI-005,"Head Office",blk.geetanjali.220@example.com,8000000220,1997-08-24,2025-05-16,"Explosives Expert",agency_contract,1,"11, Himanshu Villas, MiniGarh Bengaluru - 432640",100000000220,HDFC0001234,"HDFC Bank","Main Branch","Geetanjali Sarraf",GTYGU0220T,20000,8000,1600,0,1250,2500,0,1,1,1,1,1,1,new,,new,,new,part_of_ctc,30,1,,"Star Health",POL-999,500000,,2025-05-16
BLK-0221,"Hrishikesh Minhas",QAI-005,"Head Office",blk.hrishikesh.221@example.com,8000000221,1992-04-06,2025-12-23,"Plasterer OR Stucco Mason",agency_contract,1,"98, Deccan Gymkhana, Surat - 530989",100000000221,HDFC0001234,"HDFC Bank","Main Branch","Hrishikesh Minhas",YVSFW0221J,20000,8000,1600,0,1250,2500,0,1,1,1,1,1,1,new,,new,,new,part_of_ctc,30,1,,"Star Health",POL-999,500000,,2025-12-23
BLK-0222,"Natwar Andra",QAI-005,"Head Office",blk.natwar.222@example.com,8000000222,1991-07-31,2025-08-01,"Gluing Machine Operator",agency_contract,1,"84, NandiniPur, Jodhpur - 389441",100000000222,HDFC0001234,"HDFC Bank","Main Branch","Natwar Andra",EKGIP0222W,20000,8000,1600,0,1250,2500,0,1,1,1,1,1,1,new,,new,,new,part_of_ctc,30,1,,"Star Health",POL-999,500000,,2025-08-01
BLK-0223,"Satish Samuel",QAI-005,"Head Office",blk.satish.223@example.com,8000000223,1988-01-22,2026-03-18,"Welder and Cutter",agency_contract,1,"49, Hinjewadi, Gurgaon - 458302",100000000223,HDFC0001234,"HDFC Bank","Main Branch","Satish Samuel",ZDEIF0223U,20000,8000,1600,0,1250,2500,0,1,1,1,1,1,1,new,,new,,new,part_of_ctc,30,1,,"Star Health",POL-999,500000,,2026-03-18
BLK-0224,"Albert Kohli",QAI-005,"Head Office",blk.albert.224@example.com,8000000224,1999-04-21,2025-09-23,"Tool Sharpener",agency_contract,1,"73, Leelawati Villas, ArjunGarh Jodhpur - 341848",100000000224,HDFC0001234,"HDFC Bank","Main Branch","Albert Kohli",ONCIR0224B,20000,8000,1600,0,1250,2500,0,1,1,1,1,1,1,new,,new,,new,part_of_ctc,30,1,,"Star Health",POL-999,500000,,2025-09-23
BLK-0225,"Kalyani Parikh",QAI-005,"Head Office",blk.kalyani.225@example.com,8000000225,2004-03-13,2025-02-11,Surveyor,agency_contract,1,"19, Bhairavi Villas, GaneshGarh Raipur - 274731",100000000225,HDFC0001234,"HDFC Bank","Main Branch","Kalyani Parikh",NLDPI0225E,20000,8000,1600,0,1250,2500,0,1,1,1,1,1,1,new,,new,,new,part_of_ctc,30,1,,"Star Health",POL-999,500000,,2025-02-11
BLK-0226,"Naina Parekh",QAI-005,"Head Office",blk.naina.226@example.com,8000000226,1997-10-29,2025-05-18,"Sheet Metal Worker",agency_contract,1,"55, Parminder Society, IndraniGunj Gurgaon - 100344",100000000226,HDFC0001234,"HDFC Bank","Main Branch","Naina Parekh",SARHM0226X,20000,8000,1600,0,1250,2500,0,1,1,1,1,1,1,new,,new,,new,part_of_ctc,30,1,,"Star Health",POL-999,500000,,2025-05-18
BLK-0227,"Abdul Kapadia",QAI-005,"Head Office",blk.abdul.227@example.com,8000000227,2001-04-27,2025-10-24,"Custom Tailor",agency_contract,1,"36, Vikhroli, Faridabad - 472706",100000000227,HDFC0001234,"HDFC Bank","Main Branch","Abdul Kapadia",PMUJA0227V,20000,8000,1600,0,1250,2500,0,1,1,1,1,1,1,new,,new,,new,part_of_ctc,30,1,,"Star Health",POL-999,500000,,2025-10-24
BLK-0228,"Mukti Ravi",QAI-005,"Head Office",blk.mukti.228@example.com,8000000228,1993-11-10,2025-12-13,"Electronic Masking System Operator",agency_contract,1,"89, Yeshwanthpura, Kochi - 414772",100000000228,HDFC0001234,"HDFC Bank","Main Branch","Mukti Ravi",HKSZY0228F,20000,8000,1600,0,1250,2500,0,1,1,1,1,1,1,new,,new,,new,part_of_ctc,30,1,,"Star Health",POL-999,500000,,2025-12-13
BLK-0229,"Anshula Chhabra",QAI-005,"Head Office",blk.anshula.229@example.com,8000000229,2004-01-24,2025-06-24,"Irradiated-Fuel Handler",agency_contract,1,"15, Rupesh Villas, RiddhiGunj Jammu - 251937",100000000229,HDFC0001234,"HDFC Bank","Main Branch","Anshula Chhabra",YSMAP0229M,20000,8000,1600,0,1250,2500,0,1,1,1,1,1,1,new,,new,,new,part_of_ctc,30,1,,"Star Health",POL-999,500000,,2025-06-24
BLK-0230,"Mini Manda",QAI-005,"Head Office",blk.mini.230@example.com,8000000230,2002-04-04,2024-09-09,"Civil Engineering Technician",agency_contract,1,"17, Alaknanda Villas, Virar Dehra Dun - 299577",100000000230,HDFC0001234,"HDFC Bank","Main Branch","Mini Manda",VTECV0230Z,20000,8000,1600,0,1250,2500,0,1,1,1,1,1,1,new,,new,,new,part_of_ctc,30,1,,"Star Health",POL-999,500000,,2024-09-09
BLK-0231,"Tushar Wali",QAI-005,"Head Office",blk.tushar.231@example.com,8000000231,1988-03-04,2025-03-11,"Coating Machine Operator",agency_contract,1,"13, Sushmita Apartments, Cyber City Surat - 334782",100000000231,HDFC0001234,"HDFC Bank","Main Branch","Tushar Wali",WMUQG0231H,20000,8000,1600,0,1250,2500,0,1,1,1,1,1,1,new,,new,,new,part_of_ctc,30,1,,"Star Health",POL-999,500000,,2025-03-11
BLK-0232,"Pranab Singh",QAI-005,"Head Office",blk.pranab.232@example.com,8000000232,1986-08-30,2026-03-03,"Educational Psychologist",agency_contract,1,"10, Kalyani Heights, Nishi Chowk Guwahati - 323857",100000000232,HDFC0001234,"HDFC Bank","Main Branch","Pranab Singh",ISKOP0232L,20000,8000,1600,0,1250,2500,0,1,1,1,1,1,1,new,,new,,new,part_of_ctc,30,1,,"Star Health",POL-999,500000,,2026-03-03
BLK-0233,"Pushpa Issac",QAI-005,"Head Office",blk.pushpa.233@example.com,8000000233,1990-11-25,2026-05-23,"Woodworking Machine Operator",agency_contract,1,"11, Labeen Villas, Urmila Chowk Kolkata - 321921",100000000233,HDFC0001234,"HDFC Bank","Main Branch","Pushpa Issac",KNKLA0233X,20000,8000,1600,0,1250,2500,0,1,1,1,1,1,1,new,,new,,new,part_of_ctc,30,1,,"Star Health",POL-999,500000,,2026-05-23
BLK-0234,"Nakul Chahal",QAI-005,"Head Office",blk.nakul.234@example.com,8000000234,1994-09-19,2024-09-08,"Cardiovascular Technologist",agency_contract,1,"88, John Society, Cyber City Guwahati - 561478",100000000234,HDFC0001234,"HDFC Bank","Main Branch","Nakul Chahal",QHCMH0234M,20000,8000,1600,0,1250,2500,0,1,1,1,1,1,1,new,,new,,new,part_of_ctc,30,1,,"Star Health",POL-999,500000,,2024-09-08
BLK-0235,"Elias Shah",QAI-005,"Head Office",blk.elias.235@example.com,8000000235,1995-05-13,2026-05-27,"Correctional Officer",agency_contract,1,"23, IbrahimGarh, Pune - 166821",100000000235,HDFC0001234,"HDFC Bank","Main Branch","Elias Shah",WQEGB0235H,20000,8000,1600,0,1250,2500,0,1,1,1,1,1,1,new,,new,,new,part_of_ctc,30,1,,"Star Health",POL-999,500000,,2026-05-27
BLK-0236,"Habib Narula",QAI-005,"Head Office",blk.habib.236@example.com,8000000236,2004-04-10,2025-08-16,"Radiologic Technician",agency_contract,1,"39, Mitesh Villas, Marathahalli Hyderabad - 202072",100000000236,HDFC0001234,"HDFC Bank","Main Branch","Habib Narula",ZUCRQ0236S,20000,8000,1600,0,1250,2500,0,1,1,1,1,1,1,new,,new,,new,part_of_ctc,30,1,,"Star Health",POL-999,500000,,2025-08-16
BLK-0237,"Wafiq Date",QAI-005,"Head Office",blk.wafiq.237@example.com,8000000237,1998-03-31,2025-09-07,"Postsecondary Education Administrators",agency_contract,1,"45, Bishnu Villas, Hadapsar Indore - 209025",100000000237,HDFC0001234,"HDFC Bank","Main Branch","Wafiq Date",XOXMO0237W,20000,8000,1600,0,1250,2500,0,1,1,1,1,1,1,new,,new,,new,part_of_ctc,30,1,,"Star Health",POL-999,500000,,2025-09-07
BLK-0238,"Ricky Kara",QAI-005,"Head Office",blk.ricky.238@example.com,8000000238,2003-05-17,2026-02-25,"Roof Bolters Mining",agency_contract,1,"58, Lalita Heights, Vikhroli Gangtok - 412315",100000000238,HDFC0001234,"HDFC Bank","Main Branch","Ricky Kara",BHBGJ0238J,20000,8000,1600,0,1250,2500,0,1,1,1,1,1,1,new,,new,,new,part_of_ctc,30,1,,"Star Health",POL-999,500000,,2026-02-25
BLK-0239,"Ishat Sheth",QAI-005,"Head Office",blk.ishat.239@example.com,8000000239,1997-06-04,2024-12-31,"Welding Machine Setter",agency_contract,1,"69, Chitra Society, UrmilaGarh Ratlam - 469362",100000000239,HDFC0001234,"HDFC Bank","Main Branch","Ishat Sheth",THXMT0239N,20000,8000,1600,0,1250,2500,0,1,1,1,1,1,1,new,,new,,new,part_of_ctc,30,1,,"Star Health",POL-999,500000,,2024-12-31
BLK-0240,"Abbas Natt",QAI-005,"Head Office",blk.abbas.240@example.com,8000000240,1997-04-02,2025-05-30,"Automotive Glass Installers",agency_contract,1,"43, Natwar Apartments, Farah Nagar Surat - 337462",100000000240,HDFC0001234,"HDFC Bank","Main Branch","Abbas Natt",JGMAE0240O,20000,8000,1600,0,1250,2500,0,1,1,1,1,1,1,new,,new,,new,part_of_ctc,30,1,,"Star Health",POL-999,500000,,2025-05-30
BLK-0241,"Sushant Verma",QAI-005,"Head Office",blk.sushant.241@example.com,8000000241,2004-05-26,2025-04-27,"Community Service Manager",agency_contract,1,"41, Jagat Society, Borivali Kanpur - 258958",100000000241,HDFC0001234,"HDFC Bank","Main Branch","Sushant Verma",TLCVJ0241U,20000,8000,1600,0,1250,2500,0,1,1,1,1,1,1,new,,new,,new,part_of_ctc,30,1,,"Star Health",POL-999,500000,,2025-04-27
BLK-0242,"Peter Saxena",QAI-005,"Head Office",blk.peter.242@example.com,8000000242,1993-12-03,2024-10-23,"Door To Door Sales",agency_contract,1,"47, Goregaon, Jabalpur - 156161",100000000242,HDFC0001234,"HDFC Bank","Main Branch","Peter Saxena",EAXUB0242J,20000,8000,1600,0,1250,2500,0,1,1,1,1,1,1,new,,new,,new,part_of_ctc,30,1,,"Star Health",POL-999,500000,,2024-10-23
BLK-0243,"Akhila Walla",QAI-005,"Head Office",blk.akhila.243@example.com,8000000243,1992-10-14,2026-02-14,"Operating Engineer",agency_contract,1,"48, Riddhi Villas, Yerwada Thiruvananthapuram - 341312",100000000243,HDFC0001234,"HDFC Bank","Main Branch","Akhila Walla",UMUGO0243Q,20000,8000,1600,0,1250,2500,0,1,1,1,1,1,1,new,,new,,new,part_of_ctc,30,1,,"Star Health",POL-999,500000,,2026-02-14
BLK-0244,"Nishi Kannan",QAI-005,"Head Office",blk.nishi.244@example.com,8000000244,2000-09-02,2026-02-15,"Pipelaying Fitter",agency_contract,1,"19, Naina Nagar, Agra - 403047",100000000244,HDFC0001234,"HDFC Bank","Main Branch","Nishi Kannan",NUMKT0244K,20000,8000,1600,0,1250,2500,0,1,1,1,1,1,1,new,,new,,new,part_of_ctc,30,1,,"Star Health",POL-999,500000,,2026-02-15
BLK-0245,"Lalita Nayar",QAI-005,"Head Office",blk.lalita.245@example.com,8000000245,1992-10-07,2025-04-26,Farmworker,agency_contract,1,"80, Yamini Society, Kharadi Darjeeling - 346337",100000000245,HDFC0001234,"HDFC Bank","Main Branch","Lalita Nayar",GNTIB0245K,20000,8000,1600,0,1250,2500,0,1,1,1,1,1,1,new,,new,,new,part_of_ctc,30,1,,"Star Health",POL-999,500000,,2025-04-26
BLK-0246,"Ananya Gagrani",QAI-005,"Head Office",blk.ananya.246@example.com,8000000246,1993-08-21,2024-10-09,"Safety Engineer",agency_contract,1,"85, Hadapsar, Ahmedabad - 599768",100000000246,HDFC0001234,"HDFC Bank","Main Branch","Ananya Gagrani",NOGMG0246J,20000,8000,1600,0,1250,2500,0,1,1,1,1,1,1,new,,new,,new,part_of_ctc,30,1,,"Star Health",POL-999,500000,,2024-10-09
BLK-0247,"Nancy Master",QAI-005,"Head Office",blk.nancy.247@example.com,8000000247,1990-12-01,2025-09-26,Baker,agency_contract,1,"35, Mansarovar, Jammu - 523408",100000000247,HDFC0001234,"HDFC Bank","Main Branch","Nancy Master",THNKL0247C,20000,8000,1600,0,1250,2500,0,1,1,1,1,1,1,new,,new,,new,part_of_ctc,30,1,,"Star Health",POL-999,500000,,2025-09-26
BLK-0248,"Subhash Vaidya",QAI-005,"Head Office",blk.subhash.248@example.com,8000000248,1989-12-06,2026-06-04,"Plant and System Operator",agency_contract,1,"53, Balaji Heights, Yerwada Jaipur - 403632",100000000248,HDFC0001234,"HDFC Bank","Main Branch","Subhash Vaidya",RICKC0248H,20000,8000,1600,0,1250,2500,0,1,1,1,1,1,1,new,,new,,new,part_of_ctc,30,1,,"Star Health",POL-999,500000,,2026-06-04
BLK-0249,"Lalita Chatterjee",QAI-005,"Head Office",blk.lalita.249@example.com,8000000249,2000-11-30,2024-12-02,"Petroleum Engineer",agency_contract,1,"86, Padmini Heights, ChhayaGunj Pondicherry - 411086",100000000249,HDFC0001234,"HDFC Bank","Main Branch","Lalita Chatterjee",LJPFP0249Z,20000,8000,1600,0,1250,2500,0,1,1,1,1,1,1,new,,new,,new,part_of_ctc,30,1,,"Star Health",POL-999,500000,,2024-12-02
BLK-0250,"Rohini Kala",QAI-005,"Head Office",blk.rohini.250@example.com,8000000250,1999-02-11,2025-01-07,"Chemical Engineer",agency_contract,1,"58, Virat Nagar, Kochi - 146422",100000000250,HDFC0001234,"HDFC Bank","Main Branch","Rohini Kala",DBQWA0250J,20000,8000,1600,0,1250,2500,0,1,1,1,1,1,1,new,,new,,new,part_of_ctc,30,1,,"Star Health",POL-999,500000,,2025-01-07
BLK-0251,"David Banerjee",BFA-006,"Mumbai BKC Office",blk.david.251@example.com,8000000251,1995-05-28,2025-05-25,Composer,agency_contract,1,"96, Andheri, Chennai - 230117",100000000251,HDFC0001234,"HDFC Bank","Main Branch","David Banerjee",FCGCZ0251D,20000,8000,1600,0,1250,2500,0,1,1,1,1,1,1,new,,new,,new,part_of_ctc,30,1,,"Star Health",POL-999,500000,,2025-05-25
BLK-0252,"Pushpa Saran",BFA-006,"Mumbai BKC Office",blk.pushpa.252@example.com,8000000252,1997-06-09,2025-09-18,"Environmental Engineer",agency_contract,1,"30, Aarushi Apartments, Andheri New Delhi - 143490",100000000252,HDFC0001234,"HDFC Bank","Main Branch","Pushpa Saran",MNTBM0252H,20000,8000,1600,0,1250,2500,0,1,1,1,1,1,1,new,,new,,new,part_of_ctc,30,1,,"Star Health",POL-999,500000,,2025-09-18
BLK-0253,"Arun Bassi",BFA-006,"Mumbai BKC Office",blk.arun.253@example.com,8000000253,1994-07-02,2025-05-10,"Heating and Air Conditioning Mechanic",agency_contract,1,"90, Mowgli Nagar, Agra - 105578",100000000253,HDFC0001234,"HDFC Bank","Main Branch","Arun Bassi",IYLTX0253O,20000,8000,1600,0,1250,2500,0,1,1,1,1,1,1,new,,new,,new,part_of_ctc,30,1,,"Star Health",POL-999,500000,,2025-05-10
BLK-0254,"Krishna Pardeshi",BFA-006,"Mumbai BKC Office",blk.krishna.254@example.com,8000000254,1993-11-22,2026-03-08,"Plumber OR Pipefitter OR Steamfitter",agency_contract,1,"14, Wafiq Society, Deccan Gymkhana Indore - 298197",100000000254,HDFC0001234,"HDFC Bank","Main Branch","Krishna Pardeshi",QUZRJ0254Z,20000,8000,1600,0,1250,2500,0,1,1,1,1,1,1,new,,new,,new,part_of_ctc,30,1,,"Star Health",POL-999,500000,,2026-03-08
BLK-0255,"Mayawati Bhardwaj",BFA-006,"Mumbai BKC Office",blk.mayawati.255@example.com,8000000255,2001-04-07,2025-06-26,Geoscientists,agency_contract,1,"20, Chandpole, Jaipur - 223756",100000000255,HDFC0001234,"HDFC Bank","Main Branch","Mayawati Bhardwaj",QSEMK0255E,20000,8000,1600,0,1250,2500,0,1,1,1,1,1,1,new,,new,,new,part_of_ctc,30,1,,"Star Health",POL-999,500000,,2025-06-26
BLK-0256,"Devika Sant",BFA-006,"Mumbai BKC Office",blk.devika.256@example.com,8000000256,1998-03-24,2025-12-05,"Technical Specialist",agency_contract,1,"27, Wahid Heights, Dadar Mumbai - 141475",100000000256,HDFC0001234,"HDFC Bank","Main Branch","Devika Sant",YNTUT0256L,20000,8000,1600,0,1250,2500,0,1,1,1,1,1,1,new,,new,,new,part_of_ctc,30,1,,"Star Health",POL-999,500000,,2025-12-05
BLK-0257,"Preet Nayar",BFA-006,"Mumbai BKC Office",blk.preet.257@example.com,8000000257,2002-06-20,2025-10-28,"Rental Clerk",agency_contract,1,"61, Bandra, Chandigarh - 426880",100000000257,HDFC0001234,"HDFC Bank","Main Branch","Preet Nayar",WBISV0257M,20000,8000,1600,0,1250,2500,0,1,1,1,1,1,1,new,,new,,new,part_of_ctc,30,1,,"Star Health",POL-999,500000,,2025-10-28
BLK-0258,"Komal Usman",BFA-006,"Mumbai BKC Office",blk.komal.258@example.com,8000000258,1992-07-16,2024-12-01,"Tire Builder",agency_contract,1,"74, NavalPur, Kochi - 219786",100000000258,HDFC0001234,"HDFC Bank","Main Branch","Komal Usman",QBNST0258Y,20000,8000,1600,0,1250,2500,0,1,1,1,1,1,1,new,,new,,new,part_of_ctc,30,1,,"Star Health",POL-999,500000,,2024-12-01
BLK-0259,"Sheetal Babu",BFA-006,"Mumbai BKC Office",blk.sheetal.259@example.com,8000000259,1994-02-22,2026-02-16,Garment,agency_contract,1,"44, Heer Apartments, Hinjewadi Faridabad - 243631",100000000259,HDFC0001234,"HDFC Bank","Main Branch","Sheetal Babu",IYWWG0259H,20000,8000,1600,0,1250,2500,0,1,1,1,1,1,1,new,,new,,new,part_of_ctc,30,1,,"Star Health",POL-999,500000,,2026-02-16
BLK-0260,"Rupal Balakrishnan",BFA-006,"Mumbai BKC Office",blk.rupal.260@example.com,8000000260,2002-12-17,2025-11-18,"Park Naturalist",agency_contract,1,"11, Seema Society, UrmilaGarh Mysore - 111201",100000000260,HDFC0001234,"HDFC Bank","Main Branch","Rupal Balakrishnan",ZZOAJ0260W,20000,8000,1600,0,1250,2500,0,1,1,1,1,1,1,new,,new,,new,part_of_ctc,30,1,,"Star Health",POL-999,500000,,2025-11-18
BLK-0261,"Gauransh Shan",BFA-006,"Mumbai BKC Office",blk.gauransh.261@example.com,8000000261,2001-10-10,2024-10-11,Nutritionist,agency_contract,1,"78, Balaji Nagar, Jammu - 316826",100000000261,HDFC0001234,"HDFC Bank","Main Branch","Gauransh Shan",VGRMC0261Q,20000,8000,1600,0,1250,2500,0,1,1,1,1,1,1,new,,new,,new,part_of_ctc,30,1,,"Star Health",POL-999,500000,,2024-10-11
BLK-0262,"Urmila Golla",BFA-006,"Mumbai BKC Office",blk.urmila.262@example.com,8000000262,1998-01-03,2025-09-07,Cook,agency_contract,1,"81, Saurabh Chowk, Agra - 587017",100000000262,HDFC0001234,"HDFC Bank","Main Branch","Urmila Golla",HXMNL0262N,20000,8000,1600,0,1250,2500,0,1,1,1,1,1,1,new,,new,,new,part_of_ctc,30,1,,"Star Health",POL-999,500000,,2025-09-07
BLK-0263,"Himesh Sandhu",BFA-006,"Mumbai BKC Office",blk.himesh.263@example.com,8000000263,1999-12-20,2025-12-18,"Ship Captain",agency_contract,1,"69, Abdul Apartments, Kormangala Jamnagar - 465414",100000000263,HDFC0001234,"HDFC Bank","Main Branch","Himesh Sandhu",MNDVN0263E,20000,8000,1600,0,1250,2500,0,1,1,1,1,1,1,new,,new,,new,part_of_ctc,30,1,,"Star Health",POL-999,500000,,2025-12-18
BLK-0264,"Sheetal Krishnamurthy",BFA-006,"Mumbai BKC Office",blk.sheetal.264@example.com,8000000264,1996-04-01,2024-08-28,"Audio-Visual Collections Specialist",agency_contract,1,"86, Diya Apartments, Harmada Hyderabad - 420110",100000000264,HDFC0001234,"HDFC Bank","Main Branch","Sheetal Krishnamurthy",LOLXG0264X,20000,8000,1600,0,1250,2500,0,1,1,1,1,1,1,new,,new,,new,part_of_ctc,30,1,,"Star Health",POL-999,500000,,2024-08-28
BLK-0265,"Ritika Golla",BFA-006,"Mumbai BKC Office",blk.ritika.265@example.com,8000000265,2001-03-15,2026-03-01,"Cultural Studies Teacher",agency_contract,1,"57, Malad, Ajmer - 510974",100000000265,HDFC0001234,"HDFC Bank","Main Branch","Ritika Golla",NHQFM0265J,20000,8000,1600,0,1250,2500,0,1,1,1,1,1,1,new,,new,,new,part_of_ctc,30,1,,"Star Health",POL-999,500000,,2026-03-01
BLK-0266,"Marlo Mahadeo",BFA-006,"Mumbai BKC Office",blk.marlo.266@example.com,8000000266,2003-08-25,2026-01-23,Bookkeeper,agency_contract,1,"23, Kajal Nagar, Gurgaon - 156669",100000000266,HDFC0001234,"HDFC Bank","Main Branch","Marlo Mahadeo",ZKJDF0266D,20000,8000,1600,0,1250,2500,0,1,1,1,1,1,1,new,,new,,new,part_of_ctc,30,1,,"Star Health",POL-999,500000,,2026-01-23
BLK-0267,"Chinmay Dewan",BFA-006,"Mumbai BKC Office",blk.chinmay.267@example.com,8000000267,1987-10-08,2025-08-21,"Record Clerk",agency_contract,1,"50, Goregaon, Thiruvananthapuram - 466227",100000000267,HDFC0001234,"HDFC Bank","Main Branch","Chinmay Dewan",VWGCZ0267G,20000,8000,1600,0,1250,2500,0,1,1,1,1,1,1,new,,new,,new,part_of_ctc,30,1,,"Star Health",POL-999,500000,,2025-08-21
BLK-0268,"Chhaya Sarna",BFA-006,"Mumbai BKC Office",blk.chhaya.268@example.com,8000000268,1999-05-08,2026-04-12,"Office and Administrative Support Worker",agency_contract,1,"65, Jayshree Society, Vikhroli Mumbai - 239560",100000000268,HDFC0001234,"HDFC Bank","Main Branch","Chhaya Sarna",AKMXN0268F,20000,8000,1600,0,1250,2500,0,1,1,1,1,1,1,new,,new,,new,part_of_ctc,30,1,,"Star Health",POL-999,500000,,2026-04-12
BLK-0269,"Kailash Maraj",BFA-006,"Mumbai BKC Office",blk.kailash.269@example.com,8000000269,1989-06-16,2025-07-09,"Plumber OR Pipefitter OR Steamfitter",agency_contract,1,"71, Chandpole, Hyderabad - 183104",100000000269,HDFC0001234,"HDFC Bank","Main Branch","Kailash Maraj",SYGES0269K,20000,8000,1600,0,1250,2500,0,1,1,1,1,1,1,new,,new,,new,part_of_ctc,30,1,,"Star Health",POL-999,500000,,2025-07-09
BLK-0270,"Aishwarya Verma",BFA-006,"Mumbai BKC Office",blk.aishwarya.270@example.com,8000000270,2001-02-11,2025-10-03,"Architectural Drafter",agency_contract,1,"43, Marathahalli, Jamnagar - 179729",100000000270,HDFC0001234,"HDFC Bank","Main Branch","Aishwarya Verma",LZQTR0270G,20000,8000,1600,0,1250,2500,0,1,1,1,1,1,1,new,,new,,new,part_of_ctc,30,1,,"Star Health",POL-999,500000,,2025-10-03
BLK-0271,"Zeenat Chopra",BFA-006,"Mumbai BKC Office",blk.zeenat.271@example.com,8000000271,2000-03-17,2024-08-05,"Payroll Clerk",agency_contract,1,"52, KailashGunj, Pondicherry - 359926",100000000271,HDFC0001234,"HDFC Bank","Main Branch","Zeenat Chopra",ACRBI0271W,20000,8000,1600,0,1250,2500,0,1,1,1,1,1,1,new,,new,,new,part_of_ctc,30,1,,"Star Health",POL-999,500000,,2024-08-05
BLK-0272,"Charu Dar",BFA-006,"Mumbai BKC Office",blk.charu.272@example.com,8000000272,1994-01-10,2025-02-28,"License Clerk",agency_contract,1,"68, Chandpole, Surat - 418640",100000000272,HDFC0001234,"HDFC Bank","Main Branch","Charu Dar",RTIGH0272G,20000,8000,1600,0,1250,2500,0,1,1,1,1,1,1,new,,new,,new,part_of_ctc,30,1,,"Star Health",POL-999,500000,,2025-02-28
BLK-0273,"Sabina Balakrishnan",BFA-006,"Mumbai BKC Office",blk.sabina.273@example.com,8000000273,1986-11-25,2025-03-09,"Model Maker",agency_contract,1,"36, Sweta Society, Hira Nagar Raipur - 509852",100000000273,HDFC0001234,"HDFC Bank","Main Branch","Sabina Balakrishnan",RDWBG0273M,20000,8000,1600,0,1250,2500,0,1,1,1,1,1,1,new,,new,,new,part_of_ctc,30,1,,"Star Health",POL-999,500000,,2025-03-09
BLK-0274,"Rakhi Thaker",BFA-006,"Mumbai BKC Office",blk.rakhi.274@example.com,8000000274,1995-11-14,2025-11-23,"Glass Blower",agency_contract,1,"97, Monica Chowk, Guwahati - 466689",100000000274,HDFC0001234,"HDFC Bank","Main Branch","Rakhi Thaker",FXKPA0274H,20000,8000,1600,0,1250,2500,0,1,1,1,1,1,1,new,,new,,new,part_of_ctc,30,1,,"Star Health",POL-999,500000,,2025-11-23
BLK-0275,"Dhiraj Sampath",BFA-006,"Mumbai BKC Office",blk.dhiraj.275@example.com,8000000275,2004-04-30,2025-11-29,"Printing Press Machine Operator",agency_contract,1,"15, Virar, Jodhpur - 286141",100000000275,HDFC0001234,"HDFC Bank","Main Branch","Dhiraj Sampath",XGKUL0275N,20000,8000,1600,0,1250,2500,0,1,1,1,1,1,1,new,,new,,new,part_of_ctc,30,1,,"Star Health",POL-999,500000,,2025-11-29
BLK-0276,"Devendra Bera",BFA-006,"Mumbai BKC Office",blk.devendra.276@example.com,8000000276,1989-08-06,2025-07-21,"Foreign Language Teacher",agency_contract,1,"62, Jatin Villas, Harmada Jammu - 391547",100000000276,HDFC0001234,"HDFC Bank","Main Branch","Devendra Bera",YJACS0276Z,20000,8000,1600,0,1250,2500,0,1,1,1,1,1,1,new,,new,,new,part_of_ctc,30,1,,"Star Health",POL-999,500000,,2025-07-21
BLK-0277,"Mohanlal Chauhan",BFA-006,"Mumbai BKC Office",blk.mohanlal.277@example.com,8000000277,1989-12-27,2025-03-11,"Nursery Worker",agency_contract,1,"36, Mansarovar, Gangtok - 415051",100000000277,HDFC0001234,"HDFC Bank","Main Branch","Mohanlal Chauhan",DLLJS0277R,20000,8000,1600,0,1250,2500,0,1,1,1,1,1,1,new,,new,,new,part_of_ctc,30,1,,"Star Health",POL-999,500000,,2025-03-11
BLK-0278,"Aabha Murty",BFA-006,"Mumbai BKC Office",blk.aabha.278@example.com,8000000278,1998-01-14,2025-11-21,"Algorithm Developer",agency_contract,1,"32, Dinesh Villas, Churchgate Bikaner - 392664",100000000278,HDFC0001234,"HDFC Bank","Main Branch","Aabha Murty",TGHBU0278J,20000,8000,1600,0,1250,2500,0,1,1,1,1,1,1,new,,new,,new,part_of_ctc,30,1,,"Star Health",POL-999,500000,,2025-11-21
BLK-0279,"Zaad Apte",BFA-006,"Mumbai BKC Office",blk.zaad.279@example.com,8000000279,2000-02-25,2026-06-24,"Office and Administrative Support Worker",agency_contract,1,"80, Mitesh Apartments, Bandra Panaji - 329533",100000000279,HDFC0001234,"HDFC Bank","Main Branch","Zaad Apte",AFPVU0279A,20000,8000,1600,0,1250,2500,0,1,1,1,1,1,1,new,,new,,new,part_of_ctc,30,1,,"Star Health",POL-999,500000,,2026-06-24
BLK-0280,"Mridula Ganguly",BFA-006,"Mumbai BKC Office",blk.mridula.280@example.com,8000000280,1987-09-30,2025-08-31,Chef,agency_contract,1,"77, Chandpole, Bhopal - 483069",100000000280,HDFC0001234,"HDFC Bank","Main Branch","Mridula Ganguly",FVQWI0280E,20000,8000,1600,0,1250,2500,0,1,1,1,1,1,1,new,,new,,new,part_of_ctc,30,1,,"Star Health",POL-999,500000,,2025-08-31
BLK-0281,"Amolika Nath",BFA-006,"Mumbai BKC Office",blk.amolika.281@example.com,8000000281,2001-05-04,2024-09-14,"Clinical Psychologist",agency_contract,1,"20, Darpan Society, KasturiPur Jamnagar - 407674",100000000281,HDFC0001234,"HDFC Bank","Main Branch","Amolika Nath",YULIA0281X,20000,8000,1600,0,1250,2500,0,1,1,1,1,1,1,new,,new,,new,part_of_ctc,30,1,,"Star Health",POL-999,500000,,2024-09-14
BLK-0282,"Aadil Mathur",BFA-006,"Mumbai BKC Office",blk.aadil.282@example.com,8000000282,1997-02-03,2025-06-30,"Machine Feeder",agency_contract,1,"26, Akanksha Apartments, Goregaon Simla - 260927",100000000282,HDFC0001234,"HDFC Bank","Main Branch","Aadil Mathur",LPBXK0282O,20000,8000,1600,0,1250,2500,0,1,1,1,1,1,1,new,,new,,new,part_of_ctc,30,1,,"Star Health",POL-999,500000,,2025-06-30
BLK-0283,"Elias Sandal",BFA-006,"Mumbai BKC Office",blk.elias.283@example.com,8000000283,1994-07-27,2025-03-29,"Radio and Television Announcer",agency_contract,1,"39, Varun Apartments, Harmada Thiruvananthapuram - 572494",100000000283,HDFC0001234,"HDFC Bank","Main Branch","Elias Sandal",KMRNR0283G,20000,8000,1600,0,1250,2500,0,1,1,1,1,1,1,new,,new,,new,part_of_ctc,30,1,,"Star Health",POL-999,500000,,2025-03-29
BLK-0284,"Zara Gaba",BFA-006,"Mumbai BKC Office",blk.zara.284@example.com,8000000284,1994-03-06,2025-06-22,"Etcher and Engraver",agency_contract,1,"47, NaliniPur, Nashik - 230844",100000000284,HDFC0001234,"HDFC Bank","Main Branch","Zara Gaba",CNTJJ0284V,20000,8000,1600,0,1250,2500,0,1,1,1,1,1,1,new,,new,,new,part_of_ctc,30,1,,"Star Health",POL-999,500000,,2025-06-22
BLK-0285,"Ajinkya Chaudhary",BFA-006,"Mumbai BKC Office",blk.ajinkya.285@example.com,8000000285,1990-07-06,2026-01-10,"Pile-Driver Operator",agency_contract,1,"93, SwetaGarh, Panaji - 101665",100000000285,HDFC0001234,"HDFC Bank","Main Branch","Ajinkya Chaudhary",TRCRZ0285H,20000,8000,1600,0,1250,2500,0,1,1,1,1,1,1,new,,new,,new,part_of_ctc,30,1,,"Star Health",POL-999,500000,,2026-01-10
BLK-0286,"Basanti Thomas",BFA-006,"Mumbai BKC Office",blk.basanti.286@example.com,8000000286,1991-05-28,2025-10-15,"Umpire and Referee",agency_contract,1,"94, Hinjewadi, Gangtok - 256223",100000000286,HDFC0001234,"HDFC Bank","Main Branch","Basanti Thomas",KHDXF0286Z,20000,8000,1600,0,1250,2500,0,1,1,1,1,1,1,new,,new,,new,part_of_ctc,30,1,,"Star Health",POL-999,500000,,2025-10-15
BLK-0287,"Nilam Date",BFA-006,"Mumbai BKC Office",blk.nilam.287@example.com,8000000287,2001-11-15,2025-11-27,"Self-Enrichment Education Teacher",agency_contract,1,"72, JaswantGunj, Ratlam - 251362",100000000287,HDFC0001234,"HDFC Bank","Main Branch","Nilam Date",PVRXS0287E,20000,8000,1600,0,1250,2500,0,1,1,1,1,1,1,new,,new,,new,part_of_ctc,30,1,,"Star Health",POL-999,500000,,2025-11-27
BLK-0288,"Emran Gola",BFA-006,"Mumbai BKC Office",blk.emran.288@example.com,8000000288,2000-05-02,2024-08-09,"Stringed Instrument Repairer and Tuner",agency_contract,1,"69, Namita Villas, Deccan Gymkhana Ranchi - 565862",100000000288,HDFC0001234,"HDFC Bank","Main Branch","Emran Gola",UWBMD0288H,20000,8000,1600,0,1250,2500,0,1,1,1,1,1,1,new,,new,,new,part_of_ctc,30,1,,"Star Health",POL-999,500000,,2024-08-09
BLK-0289,"Natwar Acharya",BFA-006,"Mumbai BKC Office",blk.natwar.289@example.com,8000000289,2003-12-11,2024-12-16,"Administrative Law Judge",agency_contract,1,"16, Binoya Nagar, Panaji - 360956",100000000289,HDFC0001234,"HDFC Bank","Main Branch","Natwar Acharya",NNULI0289O,20000,8000,1600,0,1250,2500,0,1,1,1,1,1,1,new,,new,,new,part_of_ctc,30,1,,"Star Health",POL-999,500000,,2024-12-16
BLK-0290,"Hrishikesh Thaker",BFA-006,"Mumbai BKC Office",blk.hrishikesh.290@example.com,8000000290,1996-02-09,2026-03-16,Postmasters,agency_contract,1,"40, Jawahar Villas, Aayushman Chowk Pondicherry - 412179",100000000290,HDFC0001234,"HDFC Bank","Main Branch","Hrishikesh Thaker",FPFXW0290M,20000,8000,1600,0,1250,2500,0,1,1,1,1,1,1,new,,new,,new,part_of_ctc,30,1,,"Star Health",POL-999,500000,,2026-03-16
BLK-0291,"Yadunandan Mand",BFA-006,"Mumbai BKC Office",blk.yadunandan.291@example.com,8000000291,1989-07-03,2026-06-16,"Carpet Installer",agency_contract,1,"48, Mansarovar, Jaipur - 176073",100000000291,HDFC0001234,"HDFC Bank","Main Branch","Yadunandan Mand",QMKWX0291Q,20000,8000,1600,0,1250,2500,0,1,1,1,1,1,1,new,,new,,new,part_of_ctc,30,1,,"Star Health",POL-999,500000,,2026-06-16
BLK-0292,"Pradeep Pandya",BFA-006,"Mumbai BKC Office",blk.pradeep.292@example.com,8000000292,1990-03-20,2025-09-06,"Environmental Compliance Inspector",agency_contract,1,"17, Jawahar Villas, Goregaon Panaji - 121092",100000000292,HDFC0001234,"HDFC Bank","Main Branch","Pradeep Pandya",CCMSE0292B,20000,8000,1600,0,1250,2500,0,1,1,1,1,1,1,new,,new,,new,part_of_ctc,30,1,,"Star Health",POL-999,500000,,2025-09-06
BLK-0293,"Jagdish Sandhu",BFA-006,"Mumbai BKC Office",blk.jagdish.293@example.com,8000000293,1998-09-30,2026-02-07,"Emergency Medical Technician and Paramedic",agency_contract,1,"93, Bijoy Apartments, Model Town Nagpur - 492662",100000000293,HDFC0001234,"HDFC Bank","Main Branch","Jagdish Sandhu",ZNJYW0293R,20000,8000,1600,0,1250,2500,0,1,1,1,1,1,1,new,,new,,new,part_of_ctc,30,1,,"Star Health",POL-999,500000,,2026-02-07
BLK-0294,"Kasturi Prasad",BFA-006,"Mumbai BKC Office",blk.kasturi.294@example.com,8000000294,1991-08-06,2025-03-20,"Glass Cutting Machine Operator",agency_contract,1,"48, Aruna Apartments, AarifPur Noida - 588031",100000000294,HDFC0001234,"HDFC Bank","Main Branch","Kasturi Prasad",YRGZQ0294J,20000,8000,1600,0,1250,2500,0,1,1,1,1,1,1,new,,new,,new,part_of_ctc,30,1,,"Star Health",POL-999,500000,,2025-03-20
BLK-0295,"Ruchi Thakkar",BFA-006,"Mumbai BKC Office",blk.ruchi.295@example.com,8000000295,1995-04-09,2024-11-24,"Instrument Sales Representative",agency_contract,1,"10, Charlie Apartments, LeelawatiGunj Nashik - 151494",100000000295,HDFC0001234,"HDFC Bank","Main Branch","Ruchi Thakkar",AAYGW0295T,20000,8000,1600,0,1250,2500,0,1,1,1,1,1,1,new,,new,,new,part_of_ctc,30,1,,"Star Health",POL-999,500000,,2024-11-24
BLK-0296,"Virat Narain",BFA-006,"Mumbai BKC Office",blk.virat.296@example.com,8000000296,1991-08-17,2025-02-18,"Personal Financial Advisor",agency_contract,1,"46, Farah Society, Vikhroli Srinagar - 242811",100000000296,HDFC0001234,"HDFC Bank","Main Branch","Virat Narain",ZDEZY0296Q,20000,8000,1600,0,1250,2500,0,1,1,1,1,1,1,new,,new,,new,part_of_ctc,30,1,,"Star Health",POL-999,500000,,2025-02-18
BLK-0297,"Nilam Prashad",BFA-006,"Mumbai BKC Office",blk.nilam.297@example.com,8000000297,1987-05-03,2024-12-22,"Police and Sheriffs Patrol Officer",agency_contract,1,"44, MohanGarh, Jaipur - 599675",100000000297,HDFC0001234,"HDFC Bank","Main Branch","Nilam Prashad",FZTMA0297C,20000,8000,1600,0,1250,2500,0,1,1,1,1,1,1,new,,new,,new,part_of_ctc,30,1,,"Star Health",POL-999,500000,,2024-12-22
BLK-0298,"Shweta Dutta",BFA-006,"Mumbai BKC Office",blk.shweta.298@example.com,8000000298,1992-04-09,2024-11-10,"Healthcare Practitioner",agency_contract,1,"42, Hetan Nagar, Jodhpur - 242799",100000000298,HDFC0001234,"HDFC Bank","Main Branch","Shweta Dutta",GTTVJ0298S,20000,8000,1600,0,1250,2500,0,1,1,1,1,1,1,new,,new,,new,part_of_ctc,30,1,,"Star Health",POL-999,500000,,2024-11-10
BLK-0299,"Bijoy Mahajan",BFA-006,"Mumbai BKC Office",blk.bijoy.299@example.com,8000000299,1994-08-13,2025-03-14,"Industrial Safety Engineer",agency_contract,1,"39, Harbhajan Chowk, Bhopal - 463230",100000000299,HDFC0001234,"HDFC Bank","Main Branch","Bijoy Mahajan",NSSKN0299W,20000,8000,1600,0,1250,2500,0,1,1,1,1,1,1,new,,new,,new,part_of_ctc,30,1,,"Star Health",POL-999,500000,,2025-03-14
BLK-0300,"Suraj Peri",BFA-006,"Mumbai BKC Office",blk.suraj.300@example.com,8000000300,2000-02-01,2026-02-16,Paperhanger,agency_contract,1,"62, SushantPur, Gandhinagar - 464748",100000000300,HDFC0001234,"HDFC Bank","Main Branch","Suraj Peri",CTPWU0300B,20000,8000,1600,0,1250,2500,0,1,1,1,1,1,1,new,,new,,new,part_of_ctc,30,1,,"Star Health",POL-999,500000,,2026-02-16
BLK-0301,"Hari Bhatia",TRE-007,"Bengaluru HQ",blk.hari.301@example.com,8000000301,1987-11-16,2025-02-19,"Printing Machine Operator",eor,1,"46, Fardeen Apartments, Bishnu Chowk Thiruvananthapuram - 110560",100000000301,HDFC0001234,"HDFC Bank","Main Branch","Hari Bhatia",UASUN0301H,20000,8000,1600,0,1250,2500,0,1,1,1,1,1,1,new,,new,,new,part_of_ctc,30,1,,"Star Health",POL-999,500000,,2025-02-19
BLK-0302,"Somnath Kadakia",TRE-007,"Bengaluru HQ",blk.somnath.302@example.com,8000000302,1996-11-27,2025-01-25,"Data Entry Operator",eor,1,"22, Malad, Indore - 519205",100000000302,HDFC0001234,"HDFC Bank","Main Branch","Somnath Kadakia",VBOCI0302S,20000,8000,1600,0,1250,2500,0,1,1,1,1,1,1,new,,new,,new,part_of_ctc,30,1,,"Star Health",POL-999,500000,,2025-01-25
BLK-0303,"Eddie Gagrani",TRE-007,"Bengaluru HQ",blk.eddie.303@example.com,8000000303,1998-12-20,2024-11-28,"Home Economics Teacher",eor,1,"16, Wafa Apartments, LakshmiGunj Simla - 352918",100000000303,HDFC0001234,"HDFC Bank","Main Branch","Eddie Gagrani",QQNEG0303Z,20000,8000,1600,0,1250,2500,0,1,1,1,1,1,1,new,,new,,new,part_of_ctc,30,1,,"Star Health",POL-999,500000,,2024-11-28
BLK-0304,"Sushant Sundaram",TRE-007,"Bengaluru HQ",blk.sushant.304@example.com,8000000304,2003-03-06,2024-10-07,"Architectural Drafter OR Civil Drafter",eor,1,"74, Baber Society, NatwarPur Kolkata - 476457",100000000304,HDFC0001234,"HDFC Bank","Main Branch","Sushant Sundaram",SQVEU0304H,20000,8000,1600,0,1250,2500,0,1,1,1,1,1,1,new,,new,,new,part_of_ctc,30,1,,"Star Health",POL-999,500000,,2024-10-07
BLK-0305,"Sabina Patla",TRE-007,"Bengaluru HQ",blk.sabina.305@example.com,8000000305,1999-08-09,2026-06-20,"Postal Clerk",eor,1,"98, Kharadi, Ahmedabad - 418421",100000000305,HDFC0001234,"HDFC Bank","Main Branch","Sabina Patla",KTPXM0305V,20000,8000,1600,0,1250,2500,0,1,1,1,1,1,1,new,,new,,new,part_of_ctc,30,1,,"Star Health",POL-999,500000,,2026-06-20
BLK-0306,"Basanti Maheshwari",TRE-007,"Bengaluru HQ",blk.basanti.306@example.com,8000000306,1986-08-20,2025-11-06,"Electrical Parts Reconditioner",eor,1,"90, Aruna Heights, Kunti Nagar Pondicherry - 418953",100000000306,HDFC0001234,"HDFC Bank","Main Branch","Basanti Maheshwari",TMLER0306J,20000,8000,1600,0,1250,2500,0,1,1,1,1,1,1,new,,new,,new,part_of_ctc,30,1,,"Star Health",POL-999,500000,,2025-11-06
BLK-0307,"Rachel Harjo",TRE-007,"Bengaluru HQ",blk.rachel.307@example.com,8000000307,2002-03-27,2025-01-10,"Funeral Director",eor,1,"41, Aundh, Kota - 302459",100000000307,HDFC0001234,"HDFC Bank","Main Branch","Rachel Harjo",ITVIS0307N,20000,8000,1600,0,1250,2500,0,1,1,1,1,1,1,new,,new,,new,part_of_ctc,30,1,,"Star Health",POL-999,500000,,2025-01-10
BLK-0308,"Kamini Cheema",TRE-007,"Bengaluru HQ",blk.kamini.308@example.com,8000000308,1988-10-31,2025-03-01,"Software Engineer",eor,1,"73, Qabool Apartments, AatifPur Agra - 255996",100000000308,HDFC0001234,"HDFC Bank","Main Branch","Kamini Cheema",OTLJA0308L,20000,8000,1600,0,1250,2500,0,1,1,1,1,1,1,new,,new,,new,part_of_ctc,30,1,,"Star Health",POL-999,500000,,2025-03-01
BLK-0309,"Pradeep Kashyap",TRE-007,"Bengaluru HQ",blk.pradeep.309@example.com,8000000309,1990-02-05,2025-08-12,"Computer-Controlled Machine Tool Operator",eor,1,"86, Cyber City, Ranchi - 411308",100000000309,HDFC0001234,"HDFC Bank","Main Branch","Pradeep Kashyap",ZNUSI0309R,20000,8000,1600,0,1250,2500,0,1,1,1,1,1,1,new,,new,,new,part_of_ctc,30,1,,"Star Health",POL-999,500000,,2025-08-12
BLK-0310,"Ratan Deep",TRE-007,"Bengaluru HQ",blk.ratan.310@example.com,8000000310,1991-07-20,2025-08-20,"Pipelaying Fitter",eor,1,"22, RachelGunj, Ludhiana - 494236",100000000310,HDFC0001234,"HDFC Bank","Main Branch","Ratan Deep",BPFEZ0310R,20000,8000,1600,0,1250,2500,0,1,1,1,1,1,1,new,,new,,new,part_of_ctc,30,1,,"Star Health",POL-999,500000,,2025-08-20
BLK-0311,"Kalyani Sant",TRE-007,"Bengaluru HQ",blk.kalyani.311@example.com,8000000311,1992-03-29,2026-04-16,"Mechanical Engineer",eor,1,"18, Fatima Apartments, RaghavanPur Lucknow - 589643",100000000311,HDFC0001234,"HDFC Bank","Main Branch","Kalyani Sant",PDBKC0311F,20000,8000,1600,0,1250,2500,0,1,1,1,1,1,1,new,,new,,new,part_of_ctc,30,1,,"Star Health",POL-999,500000,,2026-04-16
BLK-0312,"Laveena Shah",TRE-007,"Bengaluru HQ",blk.laveena.312@example.com,8000000312,1996-04-30,2025-03-03,Government,eor,1,"73, Upasana Society, SaraGunj Alwar - 249738",100000000312,HDFC0001234,"HDFC Bank","Main Branch","Laveena Shah",MPOBN0312M,20000,8000,1600,0,1250,2500,0,1,1,1,1,1,1,new,,new,,new,part_of_ctc,30,1,,"Star Health",POL-999,500000,,2025-03-03
BLK-0313,"Aisha Nayak",TRE-007,"Bengaluru HQ",blk.aisha.313@example.com,8000000313,1988-09-09,2025-04-14,"Radio Mechanic",eor,1,"91, Pradeep Apartments, PreshitaPur Thiruvananthapuram - 558453",100000000313,HDFC0001234,"HDFC Bank","Main Branch","Aisha Nayak",DSEDG0313N,20000,8000,1600,0,1250,2500,0,1,1,1,1,1,1,new,,new,,new,part_of_ctc,30,1,,"Star Health",POL-999,500000,,2025-04-14
BLK-0314,"Dipti Pant",TRE-007,"Bengaluru HQ",blk.dipti.314@example.com,8000000314,1988-02-26,2025-02-17,"Child Care Worker",eor,1,"92, Koushtubh Heights, Bandra Gangtok - 495133",100000000314,HDFC0001234,"HDFC Bank","Main Branch","Dipti Pant",TQTFA0314H,20000,8000,1600,0,1250,2500,0,1,1,1,1,1,1,new,,new,,new,part_of_ctc,30,1,,"Star Health",POL-999,500000,,2025-02-17
BLK-0315,"Jagruti Sani",TRE-007,"Bengaluru HQ",blk.jagruti.315@example.com,8000000315,2003-10-11,2025-08-04,"Pewter Caster",eor,1,"52, Chinchwad, Agra - 433014",100000000315,HDFC0001234,"HDFC Bank","Main Branch","Jagruti Sani",QORSN0315S,20000,8000,1600,0,1250,2500,0,1,1,1,1,1,1,new,,new,,new,part_of_ctc,30,1,,"Star Health",POL-999,500000,,2025-08-04
BLK-0316,"Alex Kohli",TRE-007,"Bengaluru HQ",blk.alex.316@example.com,8000000316,1987-12-01,2024-11-29,"Electronics Engineering Technician",eor,1,"30, Andheri, Bhopal - 325453",100000000316,HDFC0001234,"HDFC Bank","Main Branch","Alex Kohli",NHMOV0316U,20000,8000,1600,0,1250,2500,0,1,1,1,1,1,1,new,,new,,new,part_of_ctc,30,1,,"Star Health",POL-999,500000,,2024-11-29
BLK-0317,"Binita Varughese",TRE-007,"Bengaluru HQ",blk.binita.317@example.com,8000000317,1993-04-26,2025-09-03,"Title Examiner",eor,1,"18, UrmilaGunj, Vadodara - 589712",100000000317,HDFC0001234,"HDFC Bank","Main Branch","Binita Varughese",ZDOUB0317V,20000,8000,1600,0,1250,2500,0,1,1,1,1,1,1,new,,new,,new,part_of_ctc,30,1,,"Star Health",POL-999,500000,,2025-09-03
BLK-0318,"Runjhun Kumar",TRE-007,"Bengaluru HQ",blk.runjhun.318@example.com,8000000318,1992-03-16,2026-02-17,"Supervisor of Customer Service",eor,1,"57, Yeshwanthpura, Kochi - 441393",100000000318,HDFC0001234,"HDFC Bank","Main Branch","Runjhun Kumar",XYNHW0318R,20000,8000,1600,0,1250,2500,0,1,1,1,1,1,1,new,,new,,new,part_of_ctc,30,1,,"Star Health",POL-999,500000,,2026-02-17
BLK-0319,"Devika Nagi",TRE-007,"Bengaluru HQ",blk.devika.319@example.com,8000000319,1997-03-30,2025-09-05,"Farm Equipment Mechanic",eor,1,"98, Churchgate, Hisar - 540821",100000000319,HDFC0001234,"HDFC Bank","Main Branch","Devika Nagi",NWEZV0319P,20000,8000,1600,0,1250,2500,0,1,1,1,1,1,1,new,,new,,new,part_of_ctc,30,1,,"Star Health",POL-999,500000,,2025-09-05
BLK-0320,"Kajal Ramnarine",TRE-007,"Bengaluru HQ",blk.kajal.320@example.com,8000000320,1992-08-21,2025-04-05,"Pharmaceutical Sales Representative",eor,1,"59, Bijoy Heights, Cyber City Jaipur - 431072",100000000320,HDFC0001234,"HDFC Bank","Main Branch","Kajal Ramnarine",RSAVJ0320P,20000,8000,1600,0,1250,2500,0,1,1,1,1,1,1,new,,new,,new,part_of_ctc,30,1,,"Star Health",POL-999,500000,,2025-04-05
BLK-0321,"Lakshmi Banik",TRE-007,"Bengaluru HQ",blk.lakshmi.321@example.com,8000000321,1988-01-22,2025-07-06,"Interaction Designer",eor,1,"60, Rakhi Society, Chandpole Thiruvananthapuram - 168011",100000000321,HDFC0001234,"HDFC Bank","Main Branch","Lakshmi Banik",NAWAD0321H,20000,8000,1600,0,1250,2500,0,1,1,1,1,1,1,new,,new,,new,part_of_ctc,30,1,,"Star Health",POL-999,500000,,2025-07-06
BLK-0322,"Hina Vohra",TRE-007,"Bengaluru HQ",blk.hina.322@example.com,8000000322,1996-06-08,2025-08-12,Biophysicist,eor,1,"22, PinkyGarh, Vishakhapattanam - 423111",100000000322,HDFC0001234,"HDFC Bank","Main Branch","Hina Vohra",GGEVQ0322N,20000,8000,1600,0,1250,2500,0,1,1,1,1,1,1,new,,new,,new,part_of_ctc,30,1,,"Star Health",POL-999,500000,,2025-08-12
BLK-0323,"Roma Desai",TRE-007,"Bengaluru HQ",blk.roma.323@example.com,8000000323,1992-02-29,2026-01-24,Composer,eor,1,"87, Savita Chowk, Gangtok - 303916",100000000323,HDFC0001234,"HDFC Bank","Main Branch","Roma Desai",HUCOX0323D,20000,8000,1600,0,1250,2500,0,1,1,1,1,1,1,new,,new,,new,part_of_ctc,30,1,,"Star Health",POL-999,500000,,2026-01-24
BLK-0324,"Sneha Buch",TRE-007,"Bengaluru HQ",blk.sneha.324@example.com,8000000324,1997-11-13,2026-05-19,"Food Service Manager",eor,1,"49, Mukti Villas, NarayanGarh Jaipur - 352990",100000000324,HDFC0001234,"HDFC Bank","Main Branch","Sneha Buch",IDNTE0324S,20000,8000,1600,0,1250,2500,0,1,1,1,1,1,1,new,,new,,new,part_of_ctc,30,1,,"Star Health",POL-999,500000,,2026-05-19
BLK-0325,"Varun Sridhar",TRE-007,"Bengaluru HQ",blk.varun.325@example.com,8000000325,1999-01-08,2026-05-20,"Deburring Machine Operator",eor,1,"85, Radhika Apartments, Yerwada Ratlam - 325750",100000000325,HDFC0001234,"HDFC Bank","Main Branch","Varun Sridhar",HSSOB0325I,20000,8000,1600,0,1250,2500,0,1,1,1,1,1,1,new,,new,,new,part_of_ctc,30,1,,"Star Health",POL-999,500000,,2026-05-20
BLK-0326,"Ritika Wason",TRE-007,"Bengaluru HQ",blk.ritika.326@example.com,8000000326,1987-12-03,2025-04-04,"Continuous Mining Machine Operator",eor,1,"20, Uma Heights, Bandra Nashik - 104258",100000000326,HDFC0001234,"HDFC Bank","Main Branch","Ritika Wason",PBYHO0326G,20000,8000,1600,0,1250,2500,0,1,1,1,1,1,1,new,,new,,new,part_of_ctc,30,1,,"Star Health",POL-999,500000,,2025-04-04
BLK-0327,"Tejaswani Subramanian",TRE-007,"Bengaluru HQ",blk.tejaswani.327@example.com,8000000327,2003-07-06,2024-09-17,Roofer,eor,1,"49, Hinjewadi, Kochi - 350402",100000000327,HDFC0001234,"HDFC Bank","Main Branch","Tejaswani Subramanian",UDWZG0327A,20000,8000,1600,0,1250,2500,0,1,1,1,1,1,1,new,,new,,new,part_of_ctc,30,1,,"Star Health",POL-999,500000,,2024-09-17
BLK-0328,"Rita Som",TRE-007,"Bengaluru HQ",blk.rita.328@example.com,8000000328,1988-09-20,2025-12-04,Grips,eor,1,"37, Rahim Nagar, Bikaner - 138089",100000000328,HDFC0001234,"HDFC Bank","Main Branch","Rita Som",AUTAO0328N,20000,8000,1600,0,1250,2500,0,1,1,1,1,1,1,new,,new,,new,part_of_ctc,30,1,,"Star Health",POL-999,500000,,2025-12-04
BLK-0329,"Munni Seth",TRE-007,"Bengaluru HQ",blk.munni.329@example.com,8000000329,1993-08-24,2025-12-08,"Anthropology Teacher",eor,1,"81, Jyoti Nagar, Hyderabad - 520542",100000000329,HDFC0001234,"HDFC Bank","Main Branch","Munni Seth",XVGQO0329H,20000,8000,1600,0,1250,2500,0,1,1,1,1,1,1,new,,new,,new,part_of_ctc,30,1,,"Star Health",POL-999,500000,,2025-12-08
BLK-0330,"Lakshmi Bora",TRE-007,"Bengaluru HQ",blk.lakshmi.330@example.com,8000000330,1996-01-30,2026-06-05,"Furniture Finisher",eor,1,"69, Tanay Society, TusharGunj Guwahati - 502578",100000000330,HDFC0001234,"HDFC Bank","Main Branch","Lakshmi Bora",JUOKA0330Z,20000,8000,1600,0,1250,2500,0,1,1,1,1,1,1,new,,new,,new,part_of_ctc,30,1,,"Star Health",POL-999,500000,,2026-06-05
BLK-0331,"Sheetal Gupta",TRE-007,"Bengaluru HQ",blk.sheetal.331@example.com,8000000331,1987-01-15,2024-10-07,"Night Security Guard",eor,1,"37, Andheri, Bhopal - 310344",100000000331,HDFC0001234,"HDFC Bank","Main Branch","Sheetal Gupta",XNSNY0331T,20000,8000,1600,0,1250,2500,0,1,1,1,1,1,1,new,,new,,new,part_of_ctc,30,1,,"Star Health",POL-999,500000,,2024-10-07
BLK-0332,"Sushant Borra",TRE-007,"Bengaluru HQ",blk.sushant.332@example.com,8000000332,1998-11-15,2025-08-29,"Gaming Supervisor",eor,1,"53, MowgliPur, Thiruvananthapuram - 187543",100000000332,HDFC0001234,"HDFC Bank","Main Branch","Sushant Borra",WNCHK0332J,20000,8000,1600,0,1250,2500,0,1,1,1,1,1,1,new,,new,,new,part_of_ctc,30,1,,"Star Health",POL-999,500000,,2025-08-29
BLK-0333,"Diya More",TRE-007,"Bengaluru HQ",blk.diya.333@example.com,8000000333,1993-04-25,2025-04-02,"Photographic Restorer",eor,1,"20, YaduGarh, Hisar - 355132",100000000333,HDFC0001234,"HDFC Bank","Main Branch","Diya More",HQRHS0333Z,20000,8000,1600,0,1250,2500,0,1,1,1,1,1,1,new,,new,,new,part_of_ctc,30,1,,"Star Health",POL-999,500000,,2025-04-02
BLK-0334,"Chitranjan Chawla",TRE-007,"Bengaluru HQ",blk.chitranjan.334@example.com,8000000334,1988-07-18,2025-08-01,"Interaction Designer",eor,1,"92, Vimala Society, Mansarovar Bhopal - 322052",100000000334,HDFC0001234,"HDFC Bank","Main Branch","Chitranjan Chawla",AQLYS0334Q,20000,8000,1600,0,1250,2500,0,1,1,1,1,1,1,new,,new,,new,part_of_ctc,30,1,,"Star Health",POL-999,500000,,2025-08-01
BLK-0335,"Chitra Raj",TRE-007,"Bengaluru HQ",blk.chitra.335@example.com,8000000335,2002-01-15,2025-06-05,"Marine Cargo Inspector",eor,1,"21, HeenaPur, Srinagar - 494252",100000000335,HDFC0001234,"HDFC Bank","Main Branch","Chitra Raj",VPRKJ0335I,20000,8000,1600,0,1250,2500,0,1,1,1,1,1,1,new,,new,,new,part_of_ctc,30,1,,"Star Health",POL-999,500000,,2025-06-05
BLK-0336,"Nidhi Amin",TRE-007,"Bengaluru HQ",blk.nidhi.336@example.com,8000000336,2000-02-01,2024-12-04,"Substation Maintenance",eor,1,"21, Himanshu Society, MohanPur Hyderabad - 506382",100000000336,HDFC0001234,"HDFC Bank","Main Branch","Nidhi Amin",ZDJAT0336G,20000,8000,1600,0,1250,2500,0,1,1,1,1,1,1,new,,new,,new,part_of_ctc,30,1,,"Star Health",POL-999,500000,,2024-12-04
BLK-0337,"Prerna Jha",TRE-007,"Bengaluru HQ",blk.prerna.337@example.com,8000000337,1996-12-26,2024-10-23,"Buffing and Polishing Operator",eor,1,"52, Dipti Heights, Julie Nagar Mysore - 522562",100000000337,HDFC0001234,"HDFC Bank","Main Branch","Prerna Jha",JSPBV0337G,20000,8000,1600,0,1250,2500,0,1,1,1,1,1,1,new,,new,,new,part_of_ctc,30,1,,"Star Health",POL-999,500000,,2024-10-23
BLK-0338,"Mahmood Barad",TRE-007,"Bengaluru HQ",blk.mahmood.338@example.com,8000000338,1999-08-05,2025-10-23,"Postsecondary Teacher",eor,1,"55, Rosey Villas, Andheri Lucknow - 561064",100000000338,HDFC0001234,"HDFC Bank","Main Branch","Mahmood Barad",MLGHY0338C,20000,8000,1600,0,1250,2500,0,1,1,1,1,1,1,new,,new,,new,part_of_ctc,30,1,,"Star Health",POL-999,500000,,2025-10-23
BLK-0339,"Nilima Morar",TRE-007,"Bengaluru HQ",blk.nilima.339@example.com,8000000339,1993-10-04,2025-11-24,"Protective Service Worker",eor,1,"21, Chandni Heights, Yeshwanthpura Udaipur - 491465",100000000339,HDFC0001234,"HDFC Bank","Main Branch","Nilima Morar",ZZJOF0339Z,20000,8000,1600,0,1250,2500,0,1,1,1,1,1,1,new,,new,,new,part_of_ctc,30,1,,"Star Health",POL-999,500000,,2025-11-24
BLK-0340,"Zeenat Kadakia",TRE-007,"Bengaluru HQ",blk.zeenat.340@example.com,8000000340,1999-01-30,2025-02-13,Postmasters,eor,1,"86, Aundh, Gandhinagar - 503879",100000000340,HDFC0001234,"HDFC Bank","Main Branch","Zeenat Kadakia",GCEGE0340D,20000,8000,1600,0,1250,2500,0,1,1,1,1,1,1,new,,new,,new,part_of_ctc,30,1,,"Star Health",POL-999,500000,,2025-02-13
BLK-0341,"Dipti Bhatia",TRE-007,"Bengaluru HQ",blk.dipti.341@example.com,8000000341,1997-06-04,2025-10-20,"Credit Checker",eor,1,"56, Kharadi, Thiruvananthapuram - 566492",100000000341,HDFC0001234,"HDFC Bank","Main Branch","Dipti Bhatia",QWYOA0341O,20000,8000,1600,0,1250,2500,0,1,1,1,1,1,1,new,,new,,new,part_of_ctc,30,1,,"Star Health",POL-999,500000,,2025-10-20
BLK-0342,"Binita Rege",TRE-007,"Bengaluru HQ",blk.binita.342@example.com,8000000342,1990-01-23,2025-03-22,"Tour Guide",eor,1,"21, Leela Chowk, Noida - 263877",100000000342,HDFC0001234,"HDFC Bank","Main Branch","Binita Rege",ELPDM0342U,20000,8000,1600,0,1250,2500,0,1,1,1,1,1,1,new,,new,,new,part_of_ctc,30,1,,"Star Health",POL-999,500000,,2025-03-22
BLK-0343,"Naina Ahuja",TRE-007,"Bengaluru HQ",blk.naina.343@example.com,8000000343,2004-07-09,2025-11-19,"Shear Machine Set-Up Operator",eor,1,"31, IshaPur, Alwar - 586812",100000000343,HDFC0001234,"HDFC Bank","Main Branch","Naina Ahuja",NTKMN0343Y,20000,8000,1600,0,1250,2500,0,1,1,1,1,1,1,new,,new,,new,part_of_ctc,30,1,,"Star Health",POL-999,500000,,2025-11-19
BLK-0344,"Shanti Balan",TRE-007,"Bengaluru HQ",blk.shanti.344@example.com,8000000344,1998-08-17,2025-07-22,Painter,eor,1,"79, Rachel Villas, Dadar Hisar - 213656",100000000344,HDFC0001234,"HDFC Bank","Main Branch","Shanti Balan",NFXOL0344W,20000,8000,1600,0,1250,2500,0,1,1,1,1,1,1,new,,new,,new,part_of_ctc,30,1,,"Star Health",POL-999,500000,,2025-07-22
BLK-0345,"Anshu Saran",TRE-007,"Bengaluru HQ",blk.anshu.345@example.com,8000000345,1991-12-28,2025-08-10,"Insulation Worker",eor,1,"68, Fatima Society, Kharadi Jabalpur - 261808",100000000345,HDFC0001234,"HDFC Bank","Main Branch","Anshu Saran",NTFQK0345A,20000,8000,1600,0,1250,2500,0,1,1,1,1,1,1,new,,new,,new,part_of_ctc,30,1,,"Star Health",POL-999,500000,,2025-08-10
BLK-0346,"Balaji Naidu",TRE-007,"Bengaluru HQ",blk.balaji.346@example.com,8000000346,1991-05-03,2024-08-29,"Personal Care Worker",eor,1,"13, Hrishikesh Society, Hinjewadi Noida - 355297",100000000346,HDFC0001234,"HDFC Bank","Main Branch","Balaji Naidu",NBDTY0346L,20000,8000,1600,0,1250,2500,0,1,1,1,1,1,1,new,,new,,new,part_of_ctc,30,1,,"Star Health",POL-999,500000,,2024-08-29
BLK-0347,"Radha Rattan",TRE-007,"Bengaluru HQ",blk.radha.347@example.com,8000000347,1998-05-25,2025-01-10,"Electronics Engineer",eor,1,"78, Mini Chowk, Raipur - 499103",100000000347,HDFC0001234,"HDFC Bank","Main Branch","Radha Rattan",WAFCT0347L,20000,8000,1600,0,1250,2500,0,1,1,1,1,1,1,new,,new,,new,part_of_ctc,30,1,,"Star Health",POL-999,500000,,2025-01-10
BLK-0348,"Urmi Nanda",TRE-007,"Bengaluru HQ",blk.urmi.348@example.com,8000000348,1994-01-14,2024-08-17,"Clinical Psychologist",eor,1,"92, Javed Apartments, ChameliPur Srinagar - 472536",100000000348,HDFC0001234,"HDFC Bank","Main Branch","Urmi Nanda",RKXHD0348Q,20000,8000,1600,0,1250,2500,0,1,1,1,1,1,1,new,,new,,new,part_of_ctc,30,1,,"Star Health",POL-999,500000,,2024-08-17
BLK-0349,"Taahid Prabhu",TRE-007,"Bengaluru HQ",blk.taahid.349@example.com,8000000349,1986-12-13,2026-05-12,"Set and Exhibit Designer",eor,1,"73, Kim Apartments, Yerwada Kochi - 162466",100000000349,HDFC0001234,"HDFC Bank","Main Branch","Taahid Prabhu",QRVWZ0349G,20000,8000,1600,0,1250,2500,0,1,1,1,1,1,1,new,,new,,new,part_of_ctc,30,1,,"Star Health",POL-999,500000,,2026-05-12
BLK-0350,"Ghalib Amble",TRE-007,"Bengaluru HQ",blk.ghalib.350@example.com,8000000350,1986-10-07,2026-03-11,"Drywall Ceiling Tile Installer",eor,1,"59, Komal Apartments, Aundh Surat - 596396",100000000350,HDFC0001234,"HDFC Bank","Main Branch","Ghalib Amble",QLJYE0350Y,20000,8000,1600,0,1250,2500,0,1,1,1,1,1,1,new,,new,,new,part_of_ctc,30,1,,"Star Health",POL-999,500000,,2026-03-11
BLK-0351,"Baber Raju",OMN-008,"Mumbai Studio HQ",blk.baber.351@example.com,8000000351,1988-04-28,2025-10-28,"Human Resources Specialist",agency_contract,1,"68, Vaishali Society, Pranay Chowk Mumbai - 593869",100000000351,HDFC0001234,"HDFC Bank","Main Branch","Baber Raju",LZOYY0351X,20000,8000,1600,0,1250,2500,0,1,1,1,1,1,1,new,,new,,new,part_of_ctc,30,1,,"Star Health",POL-999,500000,,2025-10-28
BLK-0352,"Mridula Parmar",OMN-008,"Mumbai Studio HQ",blk.mridula.352@example.com,8000000352,2001-11-19,2025-09-15,"Petroleum Technician",agency_contract,1,"95, Deccan Gymkhana, Hyderabad - 447126",100000000352,HDFC0001234,"HDFC Bank","Main Branch","Mridula Parmar",JBKIE0352P,20000,8000,1600,0,1250,2500,0,1,1,1,1,1,1,new,,new,,new,part_of_ctc,30,1,,"Star Health",POL-999,500000,,2025-09-15
BLK-0353,"Neerendra Ravel",OMN-008,"Mumbai Studio HQ",blk.neerendra.353@example.com,8000000353,2003-11-07,2026-05-16,"Watch Repairer",agency_contract,1,"83, Yeshwanthpura, Jabalpur - 491762",100000000353,HDFC0001234,"HDFC Bank","Main Branch","Neerendra Ravel",AUNGB0353L,20000,8000,1600,0,1250,2500,0,1,1,1,1,1,1,new,,new,,new,part_of_ctc,30,1,,"Star Health",POL-999,500000,,2026-05-16
BLK-0354,"Jagat Varughese",OMN-008,"Mumbai Studio HQ",blk.jagat.354@example.com,8000000354,1995-12-23,2025-09-13,"Pump Operators",agency_contract,1,"63, Pinky Chowk, Pune - 561220",100000000354,HDFC0001234,"HDFC Bank","Main Branch","Jagat Varughese",PJXAI0354T,20000,8000,1600,0,1250,2500,0,1,1,1,1,1,1,new,,new,,new,part_of_ctc,30,1,,"Star Health",POL-999,500000,,2025-09-13
BLK-0355,"Ankita Patla",OMN-008,"Mumbai Studio HQ",blk.ankita.355@example.com,8000000355,1999-10-26,2025-07-23,"Fishing OR Forestry Supervisor",agency_contract,1,"25, Ambika Villas, Aarif Chowk Udaipur - 477842",100000000355,HDFC0001234,"HDFC Bank","Main Branch","Ankita Patla",ACRSU0355B,20000,8000,1600,0,1250,2500,0,1,1,1,1,1,1,new,,new,,new,part_of_ctc,30,1,,"Star Health",POL-999,500000,,2025-07-23
BLK-0356,"Nakul Contractor",OMN-008,"Mumbai Studio HQ",blk.nakul.356@example.com,8000000356,2002-05-30,2024-11-10,"Separating Machine Operators",agency_contract,1,"81, Emran Chowk, Darjeeling - 514548",100000000356,HDFC0001234,"HDFC Bank","Main Branch","Nakul Contractor",TOLVB0356A,20000,8000,1600,0,1250,2500,0,1,1,1,1,1,1,new,,new,,new,part_of_ctc,30,1,,"Star Health",POL-999,500000,,2024-11-10
BLK-0357,"Amrita Dugal",OMN-008,"Mumbai Studio HQ",blk.amrita.357@example.com,8000000357,1987-09-04,2025-02-22,"Head Nurse",agency_contract,1,"95, Rimi Villas, Uday Nagar Bengaluru - 310356",100000000357,HDFC0001234,"HDFC Bank","Main Branch","Amrita Dugal",RZGMQ0357D,20000,8000,1600,0,1250,2500,0,1,1,1,1,1,1,new,,new,,new,part_of_ctc,30,1,,"Star Health",POL-999,500000,,2025-02-22
BLK-0358,"Naina Borah",OMN-008,"Mumbai Studio HQ",blk.naina.358@example.com,8000000358,1987-10-02,2024-08-03,"Private Household Cook",agency_contract,1,"55, Parveen Villas, Harmada Noida - 252630",100000000358,HDFC0001234,"HDFC Bank","Main Branch","Naina Borah",CYHBE0358R,20000,8000,1600,0,1250,2500,0,1,1,1,1,1,1,new,,new,,new,part_of_ctc,30,1,,"Star Health",POL-999,500000,,2024-08-03
BLK-0359,"Lakshmi Mammen",OMN-008,"Mumbai Studio HQ",blk.lakshmi.359@example.com,8000000359,2003-12-30,2026-01-16,Embalmer,agency_contract,1,"12, Chitra Society, Hinjewadi Pilani - 104725",100000000359,HDFC0001234,"HDFC Bank","Main Branch","Lakshmi Mammen",NWFFY0359W,20000,8000,1600,0,1250,2500,0,1,1,1,1,1,1,new,,new,,new,part_of_ctc,30,1,,"Star Health",POL-999,500000,,2026-01-16
BLK-0360,"Nishi Dial",OMN-008,"Mumbai Studio HQ",blk.nishi.360@example.com,8000000360,1988-08-20,2026-05-13,"Police Detective",agency_contract,1,"55, ChinmayGunj, Thiruvananthapuram - 290307",100000000360,HDFC0001234,"HDFC Bank","Main Branch","Nishi Dial",XFMCV0360P,20000,8000,1600,0,1250,2500,0,1,1,1,1,1,1,new,,new,,new,part_of_ctc,30,1,,"Star Health",POL-999,500000,,2026-05-13
BLK-0361,"Usman Shenoy",OMN-008,"Mumbai Studio HQ",blk.usman.361@example.com,8000000361,1995-11-13,2026-05-18,"Hand Sewer",agency_contract,1,"62, Smriti Heights, Bandra Kolkata - 387392",100000000361,HDFC0001234,"HDFC Bank","Main Branch","Usman Shenoy",FURAI0361I,20000,8000,1600,0,1250,2500,0,1,1,1,1,1,1,new,,new,,new,part_of_ctc,30,1,,"Star Health",POL-999,500000,,2026-05-18
BLK-0362,"Radhe Kannan",OMN-008,"Mumbai Studio HQ",blk.radhe.362@example.com,8000000362,2003-10-16,2024-11-29,"Rail Transportation Worker",agency_contract,1,"62, Hetan Heights, Virar Alwar - 195573",100000000362,HDFC0001234,"HDFC Bank","Main Branch","Radhe Kannan",UEEUU0362N,20000,8000,1600,0,1250,2500,0,1,1,1,1,1,1,new,,new,,new,part_of_ctc,30,1,,"Star Health",POL-999,500000,,2024-11-29
BLK-0363,"Tanay Mehra",OMN-008,"Mumbai Studio HQ",blk.tanay.363@example.com,8000000363,2003-04-21,2025-04-11,"Philosophy and Religion Teacher",agency_contract,1,"87, Manish Society, Borivali Chennai - 496387",100000000363,HDFC0001234,"HDFC Bank","Main Branch","Tanay Mehra",RPYMO0363S,20000,8000,1600,0,1250,2500,0,1,1,1,1,1,1,new,,new,,new,part_of_ctc,30,1,,"Star Health",POL-999,500000,,2025-04-11
BLK-0364,"Habib Thakkar",OMN-008,"Mumbai Studio HQ",blk.habib.364@example.com,8000000364,1992-09-17,2024-11-23,"Compliance Officers",agency_contract,1,"83, AarushiPur, Trichy - 110662",100000000364,HDFC0001234,"HDFC Bank","Main Branch","Habib Thakkar",JEAFC0364C,20000,8000,1600,0,1250,2500,0,1,1,1,1,1,1,new,,new,,new,part_of_ctc,30,1,,"Star Health",POL-999,500000,,2024-11-23
BLK-0365,"Gunjan Choudhury",OMN-008,"Mumbai Studio HQ",blk.gunjan.365@example.com,8000000365,2002-02-22,2025-07-01,"Public Transportation Inspector",agency_contract,1,"24, Sodala, Hyderabad - 542808",100000000365,HDFC0001234,"HDFC Bank","Main Branch","Gunjan Choudhury",TFTSL0365I,20000,8000,1600,0,1250,2500,0,1,1,1,1,1,1,new,,new,,new,part_of_ctc,30,1,,"Star Health",POL-999,500000,,2025-07-01
BLK-0366,"Munaf Mangat",OMN-008,"Mumbai Studio HQ",blk.munaf.366@example.com,8000000366,2002-02-19,2025-04-12,"Extruding and Drawing Machine Operator",agency_contract,1,"56, JagrutiGarh, Raipur - 551409",100000000366,HDFC0001234,"HDFC Bank","Main Branch","Munaf Mangat",ENBJT0366H,20000,8000,1600,0,1250,2500,0,1,1,1,1,1,1,new,,new,,new,part_of_ctc,30,1,,"Star Health",POL-999,500000,,2025-04-12
BLK-0367,"Yasmin Bedi",OMN-008,"Mumbai Studio HQ",blk.yasmin.367@example.com,8000000367,2002-02-28,2024-09-03,"Telephone Station Installer and Repairer",agency_contract,1,"61, Dadar, Noida - 235009",100000000367,HDFC0001234,"HDFC Bank","Main Branch","Yasmin Bedi",MYBTX0367Y,20000,8000,1600,0,1250,2500,0,1,1,1,1,1,1,new,,new,,new,part_of_ctc,30,1,,"Star Health",POL-999,500000,,2024-09-03
BLK-0368,"Albert Devi",OMN-008,"Mumbai Studio HQ",blk.albert.368@example.com,8000000368,1995-03-31,2025-10-05,"Brazing Machine Operator",agency_contract,1,"80, Cyber City, Nashik - 420297",100000000368,HDFC0001234,"HDFC Bank","Main Branch","Albert Devi",PEIWS0368T,20000,8000,1600,0,1250,2500,0,1,1,1,1,1,1,new,,new,,new,part_of_ctc,30,1,,"Star Health",POL-999,500000,,2025-10-05
BLK-0369,"Kalpana Sinha",OMN-008,"Mumbai Studio HQ",blk.kalpana.369@example.com,8000000369,1987-02-26,2024-09-15,"Infantry Officer",agency_contract,1,"42, Kalpit Society, Borivali Meerut - 331013",100000000369,HDFC0001234,"HDFC Bank","Main Branch","Kalpana Sinha",AUAHH0369A,20000,8000,1600,0,1250,2500,0,1,1,1,1,1,1,new,,new,,new,part_of_ctc,30,1,,"Star Health",POL-999,500000,,2024-09-15
BLK-0370,"Hassan Grewal",OMN-008,"Mumbai Studio HQ",blk.hassan.370@example.com,8000000370,1999-10-02,2025-03-22,Geographer,agency_contract,1,"82, Bandra, Thiruvananthapuram - 406547",100000000370,HDFC0001234,"HDFC Bank","Main Branch","Hassan Grewal",AWUBH0370P,20000,8000,1600,0,1250,2500,0,1,1,1,1,1,1,new,,new,,new,part_of_ctc,30,1,,"Star Health",POL-999,500000,,2025-03-22
BLK-0371,"Radheshyam Apte",OMN-008,"Mumbai Studio HQ",blk.radheshyam.371@example.com,8000000371,1992-04-09,2024-08-04,Platemaker,agency_contract,1,"40, Avantika Villas, Model Town Nagpur - 579853",100000000371,HDFC0001234,"HDFC Bank","Main Branch","Radheshyam Apte",HCPCG0371P,20000,8000,1600,0,1250,2500,0,1,1,1,1,1,1,new,,new,,new,part_of_ctc,30,1,,"Star Health",POL-999,500000,,2024-08-04
BLK-0372,"Kailash Wason",OMN-008,"Mumbai Studio HQ",blk.kailash.372@example.com,8000000372,1998-05-14,2025-04-05,"Zoologists OR Wildlife Biologist",agency_contract,1,"23, Kharadi, Agra - 307349",100000000372,HDFC0001234,"HDFC Bank","Main Branch","Kailash Wason",JDREE0372A,20000,8000,1600,0,1250,2500,0,1,1,1,1,1,1,new,,new,,new,part_of_ctc,30,1,,"Star Health",POL-999,500000,,2025-04-05
BLK-0373,"Nidhi Biyani",OMN-008,"Mumbai Studio HQ",blk.nidhi.373@example.com,8000000373,1996-02-21,2026-03-11,"Recreation and Fitness Studies Teacher",agency_contract,1,"45, Malad, Trichy - 326786",100000000373,HDFC0001234,"HDFC Bank","Main Branch","Nidhi Biyani",AOTUV0373I,20000,8000,1600,0,1250,2500,0,1,1,1,1,1,1,new,,new,,new,part_of_ctc,30,1,,"Star Health",POL-999,500000,,2026-03-11
BLK-0374,"Himanshu Sodhani",OMN-008,"Mumbai Studio HQ",blk.himanshu.374@example.com,8000000374,2002-04-18,2025-06-02,Farmworker,agency_contract,1,"40, Ekbal Apartments, Vivek Chowk Jammu - 363528",100000000374,HDFC0001234,"HDFC Bank","Main Branch","Himanshu Sodhani",TZWCZ0374A,20000,8000,1600,0,1250,2500,0,1,1,1,1,1,1,new,,new,,new,part_of_ctc,30,1,,"Star Health",POL-999,500000,,2025-06-02
BLK-0375,"John Raju",OMN-008,"Mumbai Studio HQ",blk.john.375@example.com,8000000375,1999-06-10,2025-08-10,"Human Resource Manager",agency_contract,1,"92, Savita Villas, MeghaGunj Chennai - 532114",100000000375,HDFC0001234,"HDFC Bank","Main Branch","John Raju",DWUES0375F,20000,8000,1600,0,1250,2500,0,1,1,1,1,1,1,new,,new,,new,part_of_ctc,30,1,,"Star Health",POL-999,500000,,2025-08-10
BLK-0376,"Deepesh Pillai",OMN-008,"Mumbai Studio HQ",blk.deepesh.376@example.com,8000000376,1986-10-14,2026-02-16,"Police and Sheriffs Patrol Officer",agency_contract,1,"12, Nayan Nagar, Jodhpur - 522169",100000000376,HDFC0001234,"HDFC Bank","Main Branch","Deepesh Pillai",UOQAV0376D,20000,8000,1600,0,1250,2500,0,1,1,1,1,1,1,new,,new,,new,part_of_ctc,30,1,,"Star Health",POL-999,500000,,2026-02-16
BLK-0377,"Bimla Mathur",OMN-008,"Mumbai Studio HQ",blk.bimla.377@example.com,8000000377,1997-12-02,2026-01-03,"Hand Sewer",agency_contract,1,"21, Marathahalli, Lucknow - 521214",100000000377,HDFC0001234,"HDFC Bank","Main Branch","Bimla Mathur",SACES0377X,20000,8000,1600,0,1250,2500,0,1,1,1,1,1,1,new,,new,,new,part_of_ctc,30,1,,"Star Health",POL-999,500000,,2026-01-03
BLK-0378,"Suresh Choudhry",OMN-008,"Mumbai Studio HQ",blk.suresh.378@example.com,8000000378,1988-03-20,2026-05-18,"Tax Preparer",agency_contract,1,"40, Himani Villas, Manpreet Nagar Kolkata - 379101",100000000378,HDFC0001234,"HDFC Bank","Main Branch","Suresh Choudhry",GKSSE0378J,20000,8000,1600,0,1250,2500,0,1,1,1,1,1,1,new,,new,,new,part_of_ctc,30,1,,"Star Health",POL-999,500000,,2026-05-18
BLK-0379,"Kasturba Meda",OMN-008,"Mumbai Studio HQ",blk.kasturba.379@example.com,8000000379,1990-04-05,2026-06-27,"Aircraft Assembler",agency_contract,1,"76, Chinchwad, Delhi - 338745",100000000379,HDFC0001234,"HDFC Bank","Main Branch","Kasturba Meda",AXPFJ0379G,20000,8000,1600,0,1250,2500,0,1,1,1,1,1,1,new,,new,,new,part_of_ctc,30,1,,"Star Health",POL-999,500000,,2026-06-27
BLK-0380,"Veena Venkataraman",OMN-008,"Mumbai Studio HQ",blk.veena.380@example.com,8000000380,1999-10-16,2024-12-30,"Wind Instrument Repairer",agency_contract,1,"59, Basanti Apartments, Varun Nagar Ajmer - 129441",100000000380,HDFC0001234,"HDFC Bank","Main Branch","Veena Venkataraman",WASVB0380V,20000,8000,1600,0,1250,2500,0,1,1,1,1,1,1,new,,new,,new,part_of_ctc,30,1,,"Star Health",POL-999,500000,,2024-12-30
BLK-0381,"Pirzada Sodhi",OMN-008,"Mumbai Studio HQ",blk.pirzada.381@example.com,8000000381,1992-04-20,2025-04-20,"Fast Food Cook",agency_contract,1,"65, Vicky Apartments, GauravGunj Raipur - 311207",100000000381,HDFC0001234,"HDFC Bank","Main Branch","Pirzada Sodhi",TIVAI0381M,20000,8000,1600,0,1250,2500,0,1,1,1,1,1,1,new,,new,,new,part_of_ctc,30,1,,"Star Health",POL-999,500000,,2025-04-20
BLK-0382,"Virat Maharaj",OMN-008,"Mumbai Studio HQ",blk.virat.382@example.com,8000000382,2000-04-24,2025-08-16,"Night Shift",agency_contract,1,"97, Harmada, Srinagar - 360590",100000000382,HDFC0001234,"HDFC Bank","Main Branch","Virat Maharaj",UIDZS0382D,20000,8000,1600,0,1250,2500,0,1,1,1,1,1,1,new,,new,,new,part_of_ctc,30,1,,"Star Health",POL-999,500000,,2025-08-16
BLK-0383,"Jawahar Sethi",OMN-008,"Mumbai Studio HQ",blk.jawahar.383@example.com,8000000383,2000-06-07,2025-02-21,"Operating Engineer",agency_contract,1,"73, Nishita Heights, Marathahalli Jamnagar - 579490",100000000383,HDFC0001234,"HDFC Bank","Main Branch","Jawahar Sethi",NCUSA0383O,20000,8000,1600,0,1250,2500,0,1,1,1,1,1,1,new,,new,,new,part_of_ctc,30,1,,"Star Health",POL-999,500000,,2025-02-21
BLK-0384,"Mini Wadhwa",OMN-008,"Mumbai Studio HQ",blk.mini.384@example.com,8000000384,1997-06-30,2025-10-08,Painter,agency_contract,1,"54, ZaraGunj, Hyderabad - 191975",100000000384,HDFC0001234,"HDFC Bank","Main Branch","Mini Wadhwa",DBQEC0384Z,20000,8000,1600,0,1250,2500,0,1,1,1,1,1,1,new,,new,,new,part_of_ctc,30,1,,"Star Health",POL-999,500000,,2025-10-08
BLK-0385,"Radhika Venkataraman",OMN-008,"Mumbai Studio HQ",blk.radhika.385@example.com,8000000385,1988-04-20,2025-02-15,"Pharmacy Technician",agency_contract,1,"41, Andheri, Nagpur - 419352",100000000385,HDFC0001234,"HDFC Bank","Main Branch","Radhika Venkataraman",KHNIJ0385N,20000,8000,1600,0,1250,2500,0,1,1,1,1,1,1,new,,new,,new,part_of_ctc,30,1,,"Star Health",POL-999,500000,,2025-02-15
BLK-0386,"Zaad Agrawal",OMN-008,"Mumbai Studio HQ",blk.zaad.386@example.com,8000000386,1997-10-13,2026-01-10,"Police Identification OR Records Officer",agency_contract,1,"56, Nilam Villas, Harmada Chandigarh - 109570",100000000386,HDFC0001234,"HDFC Bank","Main Branch","Zaad Agrawal",NREKM0386Y,20000,8000,1600,0,1250,2500,0,1,1,1,1,1,1,new,,new,,new,part_of_ctc,30,1,,"Star Health",POL-999,500000,,2026-01-10
BLK-0387,"Sukriti Grover",OMN-008,"Mumbai Studio HQ",blk.sukriti.387@example.com,8000000387,2000-10-31,2025-05-25,"Law Enforcement Teacher",agency_contract,1,"25, LeelawatiPur, Nagpur - 286980",100000000387,HDFC0001234,"HDFC Bank","Main Branch","Sukriti Grover",SOFCM0387N,20000,8000,1600,0,1250,2500,0,1,1,1,1,1,1,new,,new,,new,part_of_ctc,30,1,,"Star Health",POL-999,500000,,2025-05-25
BLK-0388,"Urvashi Goel",OMN-008,"Mumbai Studio HQ",blk.urvashi.388@example.com,8000000388,1986-10-23,2024-08-23,Sheriff,agency_contract,1,"94, Saurabh Villas, IndraniPur Srinagar - 550376",100000000388,HDFC0001234,"HDFC Bank","Main Branch","Urvashi Goel",YSBZO0388L,20000,8000,1600,0,1250,2500,0,1,1,1,1,1,1,new,,new,,new,part_of_ctc,30,1,,"Star Health",POL-999,500000,,2024-08-23
BLK-0389,"Urmi Krish",OMN-008,"Mumbai Studio HQ",blk.urmi.389@example.com,8000000389,1994-01-25,2025-03-05,Courier,agency_contract,1,"85, JatinGunj, Jaipur - 156288",100000000389,HDFC0001234,"HDFC Bank","Main Branch","Urmi Krish",JFYOU0389Y,20000,8000,1600,0,1250,2500,0,1,1,1,1,1,1,new,,new,,new,part_of_ctc,30,1,,"Star Health",POL-999,500000,,2025-03-05
BLK-0390,"Jagruti Narine",OMN-008,"Mumbai Studio HQ",blk.jagruti.390@example.com,8000000390,1993-10-15,2025-01-18,"Auxiliary Equipment Operator",agency_contract,1,"80, Biren Nagar, Indore - 513554",100000000390,HDFC0001234,"HDFC Bank","Main Branch","Jagruti Narine",HUSLC0390P,20000,8000,1600,0,1250,2500,0,1,1,1,1,1,1,new,,new,,new,part_of_ctc,30,1,,"Star Health",POL-999,500000,,2025-01-18
BLK-0391,"Vaishali Anne",OMN-008,"Mumbai Studio HQ",blk.vaishali.391@example.com,8000000391,2003-01-19,2024-10-13,"HR Specialist",agency_contract,1,"69, UmaGunj, Noida - 395034",100000000391,HDFC0001234,"HDFC Bank","Main Branch","Vaishali Anne",UWLPN0391Z,20000,8000,1600,0,1250,2500,0,1,1,1,1,1,1,new,,new,,new,part_of_ctc,30,1,,"Star Health",POL-999,500000,,2024-10-13
BLK-0392,"Surya Dutta",OMN-008,"Mumbai Studio HQ",blk.surya.392@example.com,8000000392,2003-07-11,2025-01-23,"Procurement Clerk",agency_contract,1,"44, Sodala, Gangtok - 396706",100000000392,HDFC0001234,"HDFC Bank","Main Branch","Surya Dutta",IGSCP0392G,20000,8000,1600,0,1250,2500,0,1,1,1,1,1,1,new,,new,,new,part_of_ctc,30,1,,"Star Health",POL-999,500000,,2025-01-23
BLK-0393,"Rakhi Mohabir",OMN-008,"Mumbai Studio HQ",blk.rakhi.393@example.com,8000000393,1993-10-12,2025-10-18,"Music Arranger and Orchestrator",agency_contract,1,"27, Aundh, Bengaluru - 493268",100000000393,HDFC0001234,"HDFC Bank","Main Branch","Rakhi Mohabir",VQUKP0393D,20000,8000,1600,0,1250,2500,0,1,1,1,1,1,1,new,,new,,new,part_of_ctc,30,1,,"Star Health",POL-999,500000,,2025-10-18
BLK-0394,"Bagwati Kale",OMN-008,"Mumbai Studio HQ",blk.bagwati.394@example.com,8000000394,2003-02-14,2025-05-04,"Dot Etcher",agency_contract,1,"14, Harmada, Ratlam - 462314",100000000394,HDFC0001234,"HDFC Bank","Main Branch","Bagwati Kale",SKTNF0394Z,20000,8000,1600,0,1250,2500,0,1,1,1,1,1,1,new,,new,,new,part_of_ctc,30,1,,"Star Health",POL-999,500000,,2025-05-04
BLK-0395,"Ragini Chowdhury",OMN-008,"Mumbai Studio HQ",blk.ragini.395@example.com,8000000395,1988-09-02,2025-02-23,"Creative Writer",agency_contract,1,"13, Krishna Apartments, Model Town Warangal - 476623",100000000395,HDFC0001234,"HDFC Bank","Main Branch","Ragini Chowdhury",UOISW0395I,20000,8000,1600,0,1250,2500,0,1,1,1,1,1,1,new,,new,,new,part_of_ctc,30,1,,"Star Health",POL-999,500000,,2025-02-23
BLK-0396,"Ruchi D’Alia",OMN-008,"Mumbai Studio HQ",blk.ruchi.396@example.com,8000000396,1989-06-17,2026-04-25,"Semiconductor Processor",agency_contract,1,"98, Ananya Society, Cyber City Ahmedabad - 431315",100000000396,HDFC0001234,"HDFC Bank","Main Branch","Ruchi D’Alia",PTWXD0396X,20000,8000,1600,0,1250,2500,0,1,1,1,1,1,1,new,,new,,new,part_of_ctc,30,1,,"Star Health",POL-999,500000,,2026-04-25
BLK-0397,"Abhinav Contractor",OMN-008,"Mumbai Studio HQ",blk.abhinav.397@example.com,8000000397,2003-02-17,2026-02-02,"Radio and Television Announcer",agency_contract,1,"29, Goregaon, Ranchi - 256842",100000000397,HDFC0001234,"HDFC Bank","Main Branch","Abhinav Contractor",QKFWV0397J,20000,8000,1600,0,1250,2500,0,1,1,1,1,1,1,new,,new,,new,part_of_ctc,30,1,,"Star Health",POL-999,500000,,2026-02-02
BLK-0398,"Siddharth Ramesh",OMN-008,"Mumbai Studio HQ",blk.siddharth.398@example.com,8000000398,2001-06-29,2025-01-08,"Transportation and Material-Moving",agency_contract,1,"33, Hetan Society, KalyanPur Hisar - 215160",100000000398,HDFC0001234,"HDFC Bank","Main Branch","Siddharth Ramesh",NITVC0398W,20000,8000,1600,0,1250,2500,0,1,1,1,1,1,1,new,,new,,new,part_of_ctc,30,1,,"Star Health",POL-999,500000,,2025-01-08
BLK-0399,"Prasoon Rao",OMN-008,"Mumbai Studio HQ",blk.prasoon.399@example.com,8000000399,1987-02-11,2026-03-07,"Punching Machine Setters",agency_contract,1,"92, Yasmin Villas, DaminiGarh New Delhi - 474939",100000000399,HDFC0001234,"HDFC Bank","Main Branch","Prasoon Rao",GIPQR0399Q,20000,8000,1600,0,1250,2500,0,1,1,1,1,1,1,new,,new,,new,part_of_ctc,30,1,,"Star Health",POL-999,500000,,2026-03-07
BLK-0400,"Ram Kumar",OMN-008,"Mumbai Studio HQ",blk.ram.400@example.com,8000000400,1988-02-16,2025-07-05,Auditor,agency_contract,1,"27, Lakshmi Villas, ParveenGarh Jammu - 318010",100000000400,HDFC0001234,"HDFC Bank","Main Branch","Ram Kumar",DECVT0400R,20000,8000,1600,0,1250,2500,0,1,1,1,1,1,1,new,,new,,new,part_of_ctc,30,1,,"Star Health",POL-999,500000,,2025-07-05
BLK-0401,"Yogesh Sarna",SIB-009,"Bengaluru Infra Hub",blk.yogesh.401@example.com,8000000401,1996-12-13,2026-04-07,Nutritionist,eor,1,"57, Sapna Apartments, WahidGarh Agra - 421101",100000000401,HDFC0001234,"HDFC Bank","Main Branch","Yogesh Sarna",HELEF0401D,20000,8000,1600,0,1250,2500,0,1,1,1,1,1,1,new,,new,,new,part_of_ctc,30,1,,"Star Health",POL-999,500000,,2026-04-07
BLK-0402,"Malik Pau",SIB-009,"Bengaluru Infra Hub",blk.malik.402@example.com,8000000402,1997-03-19,2025-02-23,"Battery Repairer",eor,1,"50, Moti Villas, Chinchwad Faridabad - 354195",100000000402,HDFC0001234,"HDFC Bank","Main Branch","Malik Pau",IRKAM0402C,20000,8000,1600,0,1250,2500,0,1,1,1,1,1,1,new,,new,,new,part_of_ctc,30,1,,"Star Health",POL-999,500000,,2025-02-23
BLK-0403,"Arvind Hegde",SIB-009,"Bengaluru Infra Hub",blk.arvind.403@example.com,8000000403,2004-01-23,2026-06-25,"Sales Person",eor,1,"96, Radhika Chowk, Mysore - 531715",100000000403,HDFC0001234,"HDFC Bank","Main Branch","Arvind Hegde",JZEHD0403W,20000,8000,1600,0,1250,2500,0,1,1,1,1,1,1,new,,new,,new,part_of_ctc,30,1,,"Star Health",POL-999,500000,,2026-06-25
BLK-0404,"Darpan Mann",SIB-009,"Bengaluru Infra Hub",blk.darpan.404@example.com,8000000404,1997-09-27,2025-11-14,"Precision Lens Grinders and Polisher",eor,1,"25, Virar, Ratlam - 507313",100000000404,HDFC0001234,"HDFC Bank","Main Branch","Darpan Mann",BHRAE0404Q,20000,8000,1600,0,1250,2500,0,1,1,1,1,1,1,new,,new,,new,part_of_ctc,30,1,,"Star Health",POL-999,500000,,2025-11-14
BLK-0405,"Chhavi Kade",SIB-009,"Bengaluru Infra Hub",blk.chhavi.405@example.com,8000000405,1986-10-30,2025-05-17,"Aircraft Structure Assemblers",eor,1,"98, Ram Gopal Society, MayaGarh Gandhinagar - 419496",100000000405,HDFC0001234,"HDFC Bank","Main Branch","Chhavi Kade",IKLPT0405B,20000,8000,1600,0,1250,2500,0,1,1,1,1,1,1,new,,new,,new,part_of_ctc,30,1,,"Star Health",POL-999,500000,,2025-05-17
BLK-0406,"Kasturba Bhakta",SIB-009,"Bengaluru Infra Hub",blk.kasturba.406@example.com,8000000406,1991-03-20,2025-09-09,"Computer Programmer",eor,1,"72, Ehsaan Apartments, Yerwada Surat - 165924",100000000406,HDFC0001234,"HDFC Bank","Main Branch","Kasturba Bhakta",DOCWS0406O,20000,8000,1600,0,1250,2500,0,1,1,1,1,1,1,new,,new,,new,part_of_ctc,30,1,,"Star Health",POL-999,500000,,2025-09-09
BLK-0407,"Chandni Nazareth",SIB-009,"Bengaluru Infra Hub",blk.chandni.407@example.com,8000000407,1991-05-22,2026-05-24,"Battery Repairer",eor,1,"42, Ritika Villas, Mini Nagar Faridabad - 100775",100000000407,HDFC0001234,"HDFC Bank","Main Branch","Chandni Nazareth",KECKW0407E,20000,8000,1600,0,1250,2500,0,1,1,1,1,1,1,new,,new,,new,part_of_ctc,30,1,,"Star Health",POL-999,500000,,2026-05-24
BLK-0408,"Neerendra Dixit",SIB-009,"Bengaluru Infra Hub",blk.neerendra.408@example.com,8000000408,1994-04-01,2026-01-13,"Electromechanical Equipment Assembler",eor,1,"41, Yeshwanthpura, Thiruvananthapuram - 484592",100000000408,HDFC0001234,"HDFC Bank","Main Branch","Neerendra Dixit",TGDAH0408Y,20000,8000,1600,0,1250,2500,0,1,1,1,1,1,1,new,,new,,new,part_of_ctc,30,1,,"Star Health",POL-999,500000,,2026-01-13
BLK-0409,"Usha Gour",SIB-009,"Bengaluru Infra Hub",blk.usha.409@example.com,8000000409,2001-09-10,2025-10-07,"Teacher Assistant",eor,1,"56, Radhika Apartments, VijayGunj Dehra Dun - 236706",100000000409,HDFC0001234,"HDFC Bank","Main Branch","Usha Gour",XGXKL0409J,20000,8000,1600,0,1250,2500,0,1,1,1,1,1,1,new,,new,,new,part_of_ctc,30,1,,"Star Health",POL-999,500000,,2025-10-07
BLK-0410,"Yash Dayal",SIB-009,"Bengaluru Infra Hub",blk.yash.410@example.com,8000000410,2001-05-25,2025-05-09,Photoengraver,eor,1,"56, Tejaswani Society, AnjanaGarh Jaipur - 266496",100000000410,HDFC0001234,"HDFC Bank","Main Branch","Yash Dayal",RVIND0410B,20000,8000,1600,0,1250,2500,0,1,1,1,1,1,1,new,,new,,new,part_of_ctc,30,1,,"Star Health",POL-999,500000,,2025-05-09
BLK-0411,"Aditya Varkey",SIB-009,"Bengaluru Infra Hub",blk.aditya.411@example.com,8000000411,2004-06-15,2025-04-22,"Chemical Equipment Tender",eor,1,"60, Deccan Gymkhana, Ratlam - 445025",100000000411,HDFC0001234,"HDFC Bank","Main Branch","Aditya Varkey",RTEPH0411R,20000,8000,1600,0,1250,2500,0,1,1,1,1,1,1,new,,new,,new,part_of_ctc,30,1,,"Star Health",POL-999,500000,,2025-04-22
BLK-0412,"Koushtubh Bedi",SIB-009,"Bengaluru Infra Hub",blk.koushtubh.412@example.com,8000000412,1992-07-10,2024-10-26,Legislator,eor,1,"18, Trishana Society, Bandra Nashik - 204879",100000000412,HDFC0001234,"HDFC Bank","Main Branch","Koushtubh Bedi",EQGTE0412U,20000,8000,1600,0,1250,2500,0,1,1,1,1,1,1,new,,new,,new,part_of_ctc,30,1,,"Star Health",POL-999,500000,,2024-10-26
BLK-0413,"Madhu Tiwari",SIB-009,"Bengaluru Infra Hub",blk.madhu.413@example.com,8000000413,1993-08-24,2026-05-11,"Septic Tank Servicer",eor,1,"23, Zara Heights, RupeshGunj Vishakhapattanam - 165685",100000000413,HDFC0001234,"HDFC Bank","Main Branch","Madhu Tiwari",MBSMZ0413G,20000,8000,1600,0,1250,2500,0,1,1,1,1,1,1,new,,new,,new,part_of_ctc,30,1,,"Star Health",POL-999,500000,,2026-05-11
BLK-0414,"Ehsaan Tank",SIB-009,"Bengaluru Infra Hub",blk.ehsaan.414@example.com,8000000414,1989-01-26,2025-04-19,"Set Designer",eor,1,"64, Borivali, Pune - 173913",100000000414,HDFC0001234,"HDFC Bank","Main Branch","Ehsaan Tank",KPAFG0414Y,20000,8000,1600,0,1250,2500,0,1,1,1,1,1,1,new,,new,,new,part_of_ctc,30,1,,"Star Health",POL-999,500000,,2025-04-19
BLK-0415,"Aruna Bains",SIB-009,"Bengaluru Infra Hub",blk.aruna.415@example.com,8000000415,1998-04-01,2025-12-09,"Licensed Practical Nurse",eor,1,"14, Jobin Chowk, Pune - 464665",100000000415,HDFC0001234,"HDFC Bank","Main Branch","Aruna Bains",STWWJ0415Y,20000,8000,1600,0,1250,2500,0,1,1,1,1,1,1,new,,new,,new,part_of_ctc,30,1,,"Star Health",POL-999,500000,,2025-12-09
BLK-0416,"Charandeep Divan",SIB-009,"Bengaluru Infra Hub",blk.charandeep.416@example.com,8000000416,1993-09-05,2025-07-19,"Database Administrator",eor,1,"22, FardeenPur, Hisar - 590009",100000000416,HDFC0001234,"HDFC Bank","Main Branch","Charandeep Divan",KWAJZ0416W,20000,8000,1600,0,1250,2500,0,1,1,1,1,1,1,new,,new,,new,part_of_ctc,30,1,,"Star Health",POL-999,500000,,2025-07-19
BLK-0417,"Savita Suri",SIB-009,"Bengaluru Infra Hub",blk.savita.417@example.com,8000000417,1991-07-20,2025-03-30,"Police and Sheriffs Patrol Officer",eor,1,"95, Labeen Heights, AnushaGunj Vadodara - 153951",100000000417,HDFC0001234,"HDFC Bank","Main Branch","Savita Suri",IVBVN0417C,20000,8000,1600,0,1250,2500,0,1,1,1,1,1,1,new,,new,,new,part_of_ctc,30,1,,"Star Health",POL-999,500000,,2025-03-30
BLK-0418,"Ruchi Vohra",SIB-009,"Bengaluru Infra Hub",blk.ruchi.418@example.com,8000000418,1996-10-17,2025-02-08,Bartender,eor,1,"66, Ritika Heights, Malad Vadodara - 506648",100000000418,HDFC0001234,"HDFC Bank","Main Branch","Ruchi Vohra",WTDVB0418Q,20000,8000,1600,0,1250,2500,0,1,1,1,1,1,1,new,,new,,new,part_of_ctc,30,1,,"Star Health",POL-999,500000,,2025-02-08
BLK-0419,"Chirag Raghavan",SIB-009,"Bengaluru Infra Hub",blk.chirag.419@example.com,8000000419,1996-12-08,2025-07-08,"Event Planner",eor,1,"75, Mahmood Society, Chandpole Faridabad - 202239",100000000419,HDFC0001234,"HDFC Bank","Main Branch","Chirag Raghavan",XVVFS0419C,20000,8000,1600,0,1250,2500,0,1,1,1,1,1,1,new,,new,,new,part_of_ctc,30,1,,"Star Health",POL-999,500000,,2025-07-08
BLK-0420,"Parvez Pathak",SIB-009,"Bengaluru Infra Hub",blk.parvez.420@example.com,8000000420,1991-01-30,2025-05-18,"Ophthalmic Laboratory Technician",eor,1,"13, Hemendra Villas, Mansarovar Mysore - 309118",100000000420,HDFC0001234,"HDFC Bank","Main Branch","Parvez Pathak",PVDNF0420C,20000,8000,1600,0,1250,2500,0,1,1,1,1,1,1,new,,new,,new,part_of_ctc,30,1,,"Star Health",POL-999,500000,,2025-05-18
BLK-0421,"Bhanupriya Jha",SIB-009,"Bengaluru Infra Hub",blk.bhanupriya.421@example.com,8000000421,2003-04-11,2025-11-11,"Aircraft Mechanics OR Aircraft Service Technician",eor,1,"22, Kharadi, Pilani - 134808",100000000421,HDFC0001234,"HDFC Bank","Main Branch","Bhanupriya Jha",JPIMF0421Y,20000,8000,1600,0,1250,2500,0,1,1,1,1,1,1,new,,new,,new,part_of_ctc,30,1,,"Star Health",POL-999,500000,,2025-11-11
BLK-0422,"Anshula Shanker",SIB-009,"Bengaluru Infra Hub",blk.anshula.422@example.com,8000000422,2003-03-06,2025-01-09,"Travel Agent",eor,1,"41, Javed Villas, NazirPur New Delhi - 314848",100000000422,HDFC0001234,"HDFC Bank","Main Branch","Anshula Shanker",MVYWX0422W,20000,8000,1600,0,1250,2500,0,1,1,1,1,1,1,new,,new,,new,part_of_ctc,30,1,,"Star Health",POL-999,500000,,2025-01-09
BLK-0423,"Indira Surana",SIB-009,"Bengaluru Infra Hub",blk.indira.423@example.com,8000000423,1989-11-04,2026-03-08,"Aircraft Assembler",eor,1,"41, Sai Nagar, Gangtok - 209816",100000000423,HDFC0001234,"HDFC Bank","Main Branch","Indira Surana",VZJCG0423Y,20000,8000,1600,0,1250,2500,0,1,1,1,1,1,1,new,,new,,new,part_of_ctc,30,1,,"Star Health",POL-999,500000,,2026-03-08
BLK-0424,"Aayushman Nigam",SIB-009,"Bengaluru Infra Hub",blk.aayushman.424@example.com,8000000424,2002-05-14,2026-02-22,"HR Specialist",eor,1,"89, VaishaliGunj, Delhi - 556135",100000000424,HDFC0001234,"HDFC Bank","Main Branch","Aayushman Nigam",KACNU0424V,20000,8000,1600,0,1250,2500,0,1,1,1,1,1,1,new,,new,,new,part_of_ctc,30,1,,"Star Health",POL-999,500000,,2026-02-22
BLK-0425,"Charu Manne",SIB-009,"Bengaluru Infra Hub",blk.charu.425@example.com,8000000425,2003-08-11,2026-04-13,"Security Guard",eor,1,"88, Payal Heights, Model Town Pilani - 473353",100000000425,HDFC0001234,"HDFC Bank","Main Branch","Charu Manne",VYLEU0425W,20000,8000,1600,0,1250,2500,0,1,1,1,1,1,1,new,,new,,new,part_of_ctc,30,1,,"Star Health",POL-999,500000,,2026-04-13
BLK-0426,"Kirti Garde",SIB-009,"Bengaluru Infra Hub",blk.kirti.426@example.com,8000000426,1988-05-06,2026-05-17,Pediatricians,eor,1,"90, Chandpole, Darjeeling - 350880",100000000426,HDFC0001234,"HDFC Bank","Main Branch","Kirti Garde",FYKSH0426D,20000,8000,1600,0,1250,2500,0,1,1,1,1,1,1,new,,new,,new,part_of_ctc,30,1,,"Star Health",POL-999,500000,,2026-05-17
BLK-0427,"Virat Chanda",SIB-009,"Bengaluru Infra Hub",blk.virat.427@example.com,8000000427,1995-11-16,2024-09-21,Bailiff,eor,1,"27, JawaharGunj, Bhubhaneshwar - 527187",100000000427,HDFC0001234,"HDFC Bank","Main Branch","Virat Chanda",FULSI0427C,20000,8000,1600,0,1250,2500,0,1,1,1,1,1,1,new,,new,,new,part_of_ctc,30,1,,"Star Health",POL-999,500000,,2024-09-21
BLK-0428,"Komal Som",SIB-009,"Bengaluru Infra Hub",blk.komal.428@example.com,8000000428,2003-07-15,2025-06-30,Housekeeper,eor,1,"38, Nishi Society, Yeshwanthpura Jamnagar - 475729",100000000428,HDFC0001234,"HDFC Bank","Main Branch","Komal Som",OSISJ0428U,20000,8000,1600,0,1250,2500,0,1,1,1,1,1,1,new,,new,,new,part_of_ctc,30,1,,"Star Health",POL-999,500000,,2025-06-30
BLK-0429,"Rosey Ramroop",SIB-009,"Bengaluru Infra Hub",blk.rosey.429@example.com,8000000429,1996-06-17,2025-05-27,Astronomer,eor,1,"10, Samir Society, Neerendra Nagar Nashik - 449059",100000000429,HDFC0001234,"HDFC Bank","Main Branch","Rosey Ramroop",IGCPS0429E,20000,8000,1600,0,1250,2500,0,1,1,1,1,1,1,new,,new,,new,part_of_ctc,30,1,,"Star Health",POL-999,500000,,2025-05-27
BLK-0430,"Akanksha Ghose",SIB-009,"Bengaluru Infra Hub",blk.akanksha.430@example.com,8000000430,1999-09-18,2024-08-24,"Marine Architect",eor,1,"22, Bhanupriya Nagar, Vishakhapattanam - 391965",100000000430,HDFC0001234,"HDFC Bank","Main Branch","Akanksha Ghose",XVDDW0430G,20000,8000,1600,0,1250,2500,0,1,1,1,1,1,1,new,,new,,new,part_of_ctc,30,1,,"Star Health",POL-999,500000,,2024-08-24
BLK-0431,"Namita Kapadia",SIB-009,"Bengaluru Infra Hub",blk.namita.431@example.com,8000000431,2004-05-06,2026-01-16,"Electronic Equipment Assembler",eor,1,"83, Seema Villas, Cyber City Thiruvananthapuram - 490805",100000000431,HDFC0001234,"HDFC Bank","Main Branch","Namita Kapadia",FGAMV0431H,20000,8000,1600,0,1250,2500,0,1,1,1,1,1,1,new,,new,,new,part_of_ctc,30,1,,"Star Health",POL-999,500000,,2026-01-16
BLK-0432,"Indira Kashyap",SIB-009,"Bengaluru Infra Hub",blk.indira.432@example.com,8000000432,1994-05-02,2026-04-21,"Heating Equipment Operator",eor,1,"13, Raju Nagar, Kolkata - 127927",100000000432,HDFC0001234,"HDFC Bank","Main Branch","Indira Kashyap",MNSDD0432R,20000,8000,1600,0,1250,2500,0,1,1,1,1,1,1,new,,new,,new,part_of_ctc,30,1,,"Star Health",POL-999,500000,,2026-04-21
BLK-0433,"Jawahar Kota",SIB-009,"Bengaluru Infra Hub",blk.jawahar.433@example.com,8000000433,1987-01-18,2026-06-03,"Mathematical Scientist",eor,1,"26, Maya Villas, Malad Lucknow - 597063",100000000433,HDFC0001234,"HDFC Bank","Main Branch","Jawahar Kota",PBVDV0433X,20000,8000,1600,0,1250,2500,0,1,1,1,1,1,1,new,,new,,new,part_of_ctc,30,1,,"Star Health",POL-999,500000,,2026-06-03
BLK-0434,"Trishana Sarkar",SIB-009,"Bengaluru Infra Hub",blk.trishana.434@example.com,8000000434,2004-05-26,2025-06-17,"Computer Scientist",eor,1,"42, Zaad Society, Kormangala Vishakhapattanam - 212875",100000000434,HDFC0001234,"HDFC Bank","Main Branch","Trishana Sarkar",JWCKW0434D,20000,8000,1600,0,1250,2500,0,1,1,1,1,1,1,new,,new,,new,part_of_ctc,30,1,,"Star Health",POL-999,500000,,2025-06-17
BLK-0435,"Ghalib Sehgal",SIB-009,"Bengaluru Infra Hub",blk.ghalib.435@example.com,8000000435,2003-10-27,2025-08-17,"Preschool Education Administrators",eor,1,"46, Aundh, Darjeeling - 100705",100000000435,HDFC0001234,"HDFC Bank","Main Branch","Ghalib Sehgal",KVVTW0435N,20000,8000,1600,0,1250,2500,0,1,1,1,1,1,1,new,,new,,new,part_of_ctc,30,1,,"Star Health",POL-999,500000,,2025-08-17
BLK-0436,"Harpreet Chana",SIB-009,"Bengaluru Infra Hub",blk.harpreet.436@example.com,8000000436,2001-08-24,2025-08-03,"Psychiatric Aide",eor,1,"17, Kalpana Apartments, Hinjewadi Faridabad - 560599",100000000436,HDFC0001234,"HDFC Bank","Main Branch","Harpreet Chana",RXGKY0436Q,20000,8000,1600,0,1250,2500,0,1,1,1,1,1,1,new,,new,,new,part_of_ctc,30,1,,"Star Health",POL-999,500000,,2025-08-03
BLK-0437,"Laveena Pant",SIB-009,"Bengaluru Infra Hub",blk.laveena.437@example.com,8000000437,2003-03-16,2025-01-26,"Patrol Officer",eor,1,"31, Padama Villas, Chinchwad Trichy - 414778",100000000437,HDFC0001234,"HDFC Bank","Main Branch","Laveena Pant",XJJYD0437D,20000,8000,1600,0,1250,2500,0,1,1,1,1,1,1,new,,new,,new,part_of_ctc,30,1,,"Star Health",POL-999,500000,,2025-01-26
BLK-0438,"Hina Grewal",SIB-009,"Bengaluru Infra Hub",blk.hina.438@example.com,8000000438,1988-06-13,2025-12-05,Surveyor,eor,1,"89, Bhairavi Society, KirtiPur Gangtok - 565387",100000000438,HDFC0001234,"HDFC Bank","Main Branch","Hina Grewal",VAMZD0438H,20000,8000,1600,0,1250,2500,0,1,1,1,1,1,1,new,,new,,new,part_of_ctc,30,1,,"Star Health",POL-999,500000,,2025-12-05
BLK-0439,"Aarushi Meda",SIB-009,"Bengaluru Infra Hub",blk.aarushi.439@example.com,8000000439,1992-06-23,2024-08-10,"Procurement Clerk",eor,1,"82, Owais Villas, ChhayaGarh Kolkata - 595908",100000000439,HDFC0001234,"HDFC Bank","Main Branch","Aarushi Meda",ZERJJ0439X,20000,8000,1600,0,1250,2500,0,1,1,1,1,1,1,new,,new,,new,part_of_ctc,30,1,,"Star Health",POL-999,500000,,2024-08-10
BLK-0440,"Nandini Sagar",SIB-009,"Bengaluru Infra Hub",blk.nandini.440@example.com,8000000440,1995-09-25,2026-06-12,Biologist,eor,1,"16, Chandpole, Mumbai - 489182",100000000440,HDFC0001234,"HDFC Bank","Main Branch","Nandini Sagar",MTLSO0440O,20000,8000,1600,0,1250,2500,0,1,1,1,1,1,1,new,,new,,new,part_of_ctc,30,1,,"Star Health",POL-999,500000,,2026-06-12
BLK-0441,"Suresh Dora",SIB-009,"Bengaluru Infra Hub",blk.suresh.441@example.com,8000000441,1991-03-26,2024-11-03,"Visual Designer",eor,1,"74, Nawab Apartments, Kormangala Chennai - 588886",100000000441,HDFC0001234,"HDFC Bank","Main Branch","Suresh Dora",ZZANY0441T,20000,8000,1600,0,1250,2500,0,1,1,1,1,1,1,new,,new,,new,part_of_ctc,30,1,,"Star Health",POL-999,500000,,2024-11-03
BLK-0442,"Nancy Rout",SIB-009,"Bengaluru Infra Hub",blk.nancy.442@example.com,8000000442,1989-05-04,2025-08-15,"Tool Set-Up Operator",eor,1,"36, FalguniPur, Ludhiana - 388280",100000000442,HDFC0001234,"HDFC Bank","Main Branch","Nancy Rout",TIJDP0442F,20000,8000,1600,0,1250,2500,0,1,1,1,1,1,1,new,,new,,new,part_of_ctc,30,1,,"Star Health",POL-999,500000,,2025-08-15
BLK-0443,"Sushmita Mand",SIB-009,"Bengaluru Infra Hub",blk.sushmita.443@example.com,8000000443,1993-12-25,2026-05-05,"Cost Estimator",eor,1,"66, DrishtiGunj, Agra - 434781",100000000443,HDFC0001234,"HDFC Bank","Main Branch","Sushmita Mand",PZCIZ0443M,20000,8000,1600,0,1250,2500,0,1,1,1,1,1,1,new,,new,,new,part_of_ctc,30,1,,"Star Health",POL-999,500000,,2026-05-05
BLK-0444,"Mahmood Sarkar",SIB-009,"Bengaluru Infra Hub",blk.mahmood.444@example.com,8000000444,2004-01-13,2025-01-16,"Commercial Diver",eor,1,"62, Dipti Society, Labeen Chowk Nagpur - 462743",100000000444,HDFC0001234,"HDFC Bank","Main Branch","Mahmood Sarkar",EDDDJ0444F,20000,8000,1600,0,1250,2500,0,1,1,1,1,1,1,new,,new,,new,part_of_ctc,30,1,,"Star Health",POL-999,500000,,2025-01-16
BLK-0445,"Raju Matthai",SIB-009,"Bengaluru Infra Hub",blk.raju.445@example.com,8000000445,1991-07-15,2025-04-06,Solderer,eor,1,"52, Jack Villas, Harmada Chennai - 317680",100000000445,HDFC0001234,"HDFC Bank","Main Branch","Raju Matthai",ZPGPS0445W,20000,8000,1600,0,1250,2500,0,1,1,1,1,1,1,new,,new,,new,part_of_ctc,30,1,,"Star Health",POL-999,500000,,2025-04-06
BLK-0446,"Pranab Dodiya",SIB-009,"Bengaluru Infra Hub",blk.pranab.446@example.com,8000000446,2003-12-31,2025-06-09,"Flight Attendant",eor,1,"28, Narmada Heights, IndiraGunj New Delhi - 431746",100000000446,HDFC0001234,"HDFC Bank","Main Branch","Pranab Dodiya",AVLPA0446L,20000,8000,1600,0,1250,2500,0,1,1,1,1,1,1,new,,new,,new,part_of_ctc,30,1,,"Star Health",POL-999,500000,,2025-06-09
BLK-0447,"Kasturba Dass",SIB-009,"Bengaluru Infra Hub",blk.kasturba.447@example.com,8000000447,1987-06-18,2025-11-07,"Biological Scientist",eor,1,"31, EkbalGarh, Trichy - 130988",100000000447,HDFC0001234,"HDFC Bank","Main Branch","Kasturba Dass",YKGKE0447L,20000,8000,1600,0,1250,2500,0,1,1,1,1,1,1,new,,new,,new,part_of_ctc,30,1,,"Star Health",POL-999,500000,,2025-11-07
BLK-0448,"Elias Din",SIB-009,"Bengaluru Infra Hub",blk.elias.448@example.com,8000000448,1993-01-24,2026-01-31,Cartoonist,eor,1,"64, QaboolPur, Kota - 522736",100000000448,HDFC0001234,"HDFC Bank","Main Branch","Elias Din",MVEYT0448F,20000,8000,1600,0,1250,2500,0,1,1,1,1,1,1,new,,new,,new,part_of_ctc,30,1,,"Star Health",POL-999,500000,,2026-01-31
BLK-0449,"Neerendra Kar",SIB-009,"Bengaluru Infra Hub",blk.neerendra.449@example.com,8000000449,2004-05-10,2024-11-28,"Air Traffic Controller",eor,1,"98, Nitika Society, Harmada Jammu - 369326",100000000449,HDFC0001234,"HDFC Bank","Main Branch","Neerendra Kar",MUQPN0449L,20000,8000,1600,0,1250,2500,0,1,1,1,1,1,1,new,,new,,new,part_of_ctc,30,1,,"Star Health",POL-999,500000,,2024-11-28
BLK-0450,"Hina Chadha",SIB-009,"Bengaluru Infra Hub",blk.hina.450@example.com,8000000450,1995-10-22,2025-01-29,Architect,eor,1,"75, Sunita Heights, LeelawatiPur Gandhinagar - 160484",100000000450,HDFC0001234,"HDFC Bank","Main Branch","Hina Chadha",GGKIG0450V,20000,8000,1600,0,1250,2500,0,1,1,1,1,1,1,new,,new,,new,part_of_ctc,30,1,,"Star Health",POL-999,500000,,2025-01-29
BLK-0451,"Vineeta Tailor",FHA-010,"Pune Processing Plant",blk.vineeta.451@example.com,8000000451,1999-01-11,2026-03-11,"Extruding Machine Operator",agency_contract,1,"60, Yadunandan Chowk, Pondicherry - 338833",100000000451,HDFC0001234,"HDFC Bank","Main Branch","Vineeta Tailor",PJJOF0451T,20000,8000,1600,0,1250,2500,0,1,1,1,1,1,1,new,,new,,new,part_of_ctc,30,1,,"Star Health",POL-999,500000,,2026-03-11
BLK-0452,"Mustafa Chand",FHA-010,"Pune Processing Plant",blk.mustafa.452@example.com,8000000452,1995-12-03,2024-10-12,"Retail Salesperson",agency_contract,1,"10, Suraj Apartments, Dadar Ahmedabad - 475706",100000000452,HDFC0001234,"HDFC Bank","Main Branch","Mustafa Chand",BBBNJ0452N,20000,8000,1600,0,1250,2500,0,1,1,1,1,1,1,new,,new,,new,part_of_ctc,30,1,,"Star Health",POL-999,500000,,2024-10-12
BLK-0453,"Ibrahim Char",FHA-010,"Pune Processing Plant",blk.ibrahim.453@example.com,8000000453,2001-05-01,2025-04-21,"Electromechanical Equipment Assembler",agency_contract,1,"69, Gulab Society, Yeshwanthpura Vishakhapattanam - 544776",100000000453,HDFC0001234,"HDFC Bank","Main Branch","Ibrahim Char",ELFZH0453C,20000,8000,1600,0,1250,2500,0,1,1,1,1,1,1,new,,new,,new,part_of_ctc,30,1,,"Star Health",POL-999,500000,,2025-04-21
BLK-0454,"Rupesh Gade",FHA-010,"Pune Processing Plant",blk.rupesh.454@example.com,8000000454,1993-07-09,2025-11-21,"Drywall Installer",agency_contract,1,"23, EkbalGunj, Udaipur - 592072",100000000454,HDFC0001234,"HDFC Bank","Main Branch","Rupesh Gade",YWEUN0454O,20000,8000,1600,0,1250,2500,0,1,1,1,1,1,1,new,,new,,new,part_of_ctc,30,1,,"Star Health",POL-999,500000,,2025-11-21
BLK-0455,"Yash Kurian",FHA-010,"Pune Processing Plant",blk.yash.455@example.com,8000000455,1998-08-08,2025-09-24,"Precision Printing Worker",agency_contract,1,"55, Iqbal Heights, JagrutiGunj Patna - 399061",100000000455,HDFC0001234,"HDFC Bank","Main Branch","Yash Kurian",MXKZM0455S,20000,8000,1600,0,1250,2500,0,1,1,1,1,1,1,new,,new,,new,part_of_ctc,30,1,,"Star Health",POL-999,500000,,2025-09-24
BLK-0456,"Preet Parekh",FHA-010,"Pune Processing Plant",blk.preet.456@example.com,8000000456,1988-10-13,2024-08-17,"Education Administrator",agency_contract,1,"10, Nitin Society, FatimaGarh Jaipur - 205123",100000000456,HDFC0001234,"HDFC Bank","Main Branch","Preet Parekh",TFXXM0456E,20000,8000,1600,0,1250,2500,0,1,1,1,1,1,1,new,,new,,new,part_of_ctc,30,1,,"Star Health",POL-999,500000,,2024-08-17
BLK-0457,"Lakshmi Ramaswamy",FHA-010,"Pune Processing Plant",blk.lakshmi.457@example.com,8000000457,1991-12-24,2025-10-20,"Home Economics Teacher",agency_contract,1,"30, Kormangala, Rajkot - 303958",100000000457,HDFC0001234,"HDFC Bank","Main Branch","Lakshmi Ramaswamy",IOOPT0457F,20000,8000,1600,0,1250,2500,0,1,1,1,1,1,1,new,,new,,new,part_of_ctc,30,1,,"Star Health",POL-999,500000,,2025-10-20
BLK-0458,"Nakul Bhasin",FHA-010,"Pune Processing Plant",blk.nakul.458@example.com,8000000458,1999-02-06,2025-12-03,"Residential Advisor",agency_contract,1,"76, Aruna Society, Vikhroli New Delhi - 474764",100000000458,HDFC0001234,"HDFC Bank","Main Branch","Nakul Bhasin",QILTH0458A,20000,8000,1600,0,1250,2500,0,1,1,1,1,1,1,new,,new,,new,part_of_ctc,30,1,,"Star Health",POL-999,500000,,2025-12-03
BLK-0459,"Usman Lal",FHA-010,"Pune Processing Plant",blk.usman.459@example.com,8000000459,1990-07-13,2024-09-15,"Team Assembler",agency_contract,1,"76, Javed Heights, Ganesh Chowk Kanpur - 114515",100000000459,HDFC0001234,"HDFC Bank","Main Branch","Usman Lal",STKLA0459Q,20000,8000,1600,0,1250,2500,0,1,1,1,1,1,1,new,,new,,new,part_of_ctc,30,1,,"Star Health",POL-999,500000,,2024-09-15
BLK-0460,"Vimala Gobin",FHA-010,"Pune Processing Plant",blk.vimala.460@example.com,8000000460,1989-07-25,2026-02-15,"Architectural Drafter",agency_contract,1,"67, Fatima Heights, Prasoon Chowk Dehra Dun - 524971",100000000460,HDFC0001234,"HDFC Bank","Main Branch","Vimala Gobin",JMJOQ0460H,20000,8000,1600,0,1250,2500,0,1,1,1,1,1,1,new,,new,,new,part_of_ctc,30,1,,"Star Health",POL-999,500000,,2026-02-15
BLK-0461,"Arjun Rama",FHA-010,"Pune Processing Plant",blk.arjun.461@example.com,8000000461,1992-10-16,2025-05-18,Janitor,agency_contract,1,"99, Animesh Villas, Aundh Chennai - 199619",100000000461,HDFC0001234,"HDFC Bank","Main Branch","Arjun Rama",MIHHK0461L,20000,8000,1600,0,1250,2500,0,1,1,1,1,1,1,new,,new,,new,part_of_ctc,30,1,,"Star Health",POL-999,500000,,2025-05-18
BLK-0462,"Naval Sarkar",FHA-010,"Pune Processing Plant",blk.naval.462@example.com,8000000462,1990-05-22,2024-11-23,Geologist,agency_contract,1,"45, Fakaruddin Society, Bandra Chennai - 584787",100000000462,HDFC0001234,"HDFC Bank","Main Branch","Naval Sarkar",PEXTE0462P,20000,8000,1600,0,1250,2500,0,1,1,1,1,1,1,new,,new,,new,part_of_ctc,30,1,,"Star Health",POL-999,500000,,2024-11-23
BLK-0463,"Mridula Saxena",FHA-010,"Pune Processing Plant",blk.mridula.463@example.com,8000000463,1992-04-26,2025-10-17,"Park Naturalist",agency_contract,1,"77, ParminderGunj, Darjeeling - 321301",100000000463,HDFC0001234,"HDFC Bank","Main Branch","Mridula Saxena",BWLUX0463F,20000,8000,1600,0,1250,2500,0,1,1,1,1,1,1,new,,new,,new,part_of_ctc,30,1,,"Star Health",POL-999,500000,,2025-10-17
BLK-0464,"Elias Brahmbhatt",FHA-010,"Pune Processing Plant",blk.elias.464@example.com,8000000464,1997-05-23,2025-11-14,"Police and Sheriffs Patrol Officer",agency_contract,1,"94, Himesh Apartments, Andheri Hisar - 404999",100000000464,HDFC0001234,"HDFC Bank","Main Branch","Elias Brahmbhatt",VGLBV0464A,20000,8000,1600,0,1250,2500,0,1,1,1,1,1,1,new,,new,,new,part_of_ctc,30,1,,"Star Health",POL-999,500000,,2025-11-14
BLK-0465,"Amrit Kala",FHA-010,"Pune Processing Plant",blk.amrit.465@example.com,8000000465,1997-08-03,2025-03-22,Shampooer,agency_contract,1,"75, Gulzar Nagar, Kochi - 114348",100000000465,HDFC0001234,"HDFC Bank","Main Branch","Amrit Kala",PZFKS0465E,20000,8000,1600,0,1250,2500,0,1,1,1,1,1,1,new,,new,,new,part_of_ctc,30,1,,"Star Health",POL-999,500000,,2025-03-22
BLK-0466,"Kunti Bali",FHA-010,"Pune Processing Plant",blk.kunti.466@example.com,8000000466,2001-10-11,2026-05-25,"Valve Repairer OR Regulator Repairer",agency_contract,1,"98, Arpit Apartments, Chandpole Jammu - 546885",100000000466,HDFC0001234,"HDFC Bank","Main Branch","Kunti Bali",CAGBK0466S,20000,8000,1600,0,1250,2500,0,1,1,1,1,1,1,new,,new,,new,part_of_ctc,30,1,,"Star Health",POL-999,500000,,2026-05-25
BLK-0467,"Fardeen Batra",FHA-010,"Pune Processing Plant",blk.fardeen.467@example.com,8000000467,1997-04-21,2025-08-03,"Police Identification OR Records Officer",agency_contract,1,"81, Ankita Nagar, Ranchi - 138053",100000000467,HDFC0001234,"HDFC Bank","Main Branch","Fardeen Batra",XIGZN0467Z,20000,8000,1600,0,1250,2500,0,1,1,1,1,1,1,new,,new,,new,part_of_ctc,30,1,,"Star Health",POL-999,500000,,2025-08-03
BLK-0468,"Nikita Matthai",FHA-010,"Pune Processing Plant",blk.nikita.468@example.com,8000000468,1988-05-17,2025-12-16,Maid,agency_contract,1,"59, MehulGarh, Dehra Dun - 391929",100000000468,HDFC0001234,"HDFC Bank","Main Branch","Nikita Matthai",XALVW0468H,20000,8000,1600,0,1250,2500,0,1,1,1,1,1,1,new,,new,,new,part_of_ctc,30,1,,"Star Health",POL-999,500000,,2025-12-16
BLK-0469,"Gulab Guha",FHA-010,"Pune Processing Plant",blk.gulab.469@example.com,8000000469,1989-09-03,2026-02-14,Legislator,agency_contract,1,"69, Vaishali Nagar, Gangtok - 558745",100000000469,HDFC0001234,"HDFC Bank","Main Branch","Gulab Guha",PZPVS0469V,20000,8000,1600,0,1250,2500,0,1,1,1,1,1,1,new,,new,,new,part_of_ctc,30,1,,"Star Health",POL-999,500000,,2026-02-14
BLK-0470,"Surya Chandran",FHA-010,"Pune Processing Plant",blk.surya.470@example.com,8000000470,1992-12-31,2024-10-23,"Furnace Operator",agency_contract,1,"23, Nidhi Chowk, Bikaner - 151965",100000000470,HDFC0001234,"HDFC Bank","Main Branch","Surya Chandran",QMWPI0470Z,20000,8000,1600,0,1250,2500,0,1,1,1,1,1,1,new,,new,,new,part_of_ctc,30,1,,"Star Health",POL-999,500000,,2024-10-23
BLK-0471,"Bhairavi Yohannan",FHA-010,"Pune Processing Plant",blk.bhairavi.471@example.com,8000000471,2001-08-21,2024-08-30,"Natural Sciences Manager",agency_contract,1,"44, Cyber City, Ahmedabad - 433692",100000000471,HDFC0001234,"HDFC Bank","Main Branch","Bhairavi Yohannan",YIIVA0471K,20000,8000,1600,0,1250,2500,0,1,1,1,1,1,1,new,,new,,new,part_of_ctc,30,1,,"Star Health",POL-999,500000,,2024-08-30
BLK-0472,"Hina Kurian",FHA-010,"Pune Processing Plant",blk.hina.472@example.com,8000000472,2004-03-24,2024-12-19,"Radiation Therapist",agency_contract,1,"88, RiyaGunj, Nagpur - 256763",100000000472,HDFC0001234,"HDFC Bank","Main Branch","Hina Kurian",GIUAC0472Y,20000,8000,1600,0,1250,2500,0,1,1,1,1,1,1,new,,new,,new,part_of_ctc,30,1,,"Star Health",POL-999,500000,,2024-12-19
BLK-0473,"Munaf Sahni",FHA-010,"Pune Processing Plant",blk.munaf.473@example.com,8000000473,1989-11-29,2024-12-26,"Public Relations Specialist",agency_contract,1,"28, Mohit Villas, Yerwada Mysore - 570326",100000000473,HDFC0001234,"HDFC Bank","Main Branch","Munaf Sahni",VWBRR0473M,20000,8000,1600,0,1250,2500,0,1,1,1,1,1,1,new,,new,,new,part_of_ctc,30,1,,"Star Health",POL-999,500000,,2024-12-26
BLK-0474,"Sai Bhatt",FHA-010,"Pune Processing Plant",blk.sai.474@example.com,8000000474,1993-07-27,2025-10-27,"Human Resources Manager",agency_contract,1,"22, MuktiGunj, Dehra Dun - 304818",100000000474,HDFC0001234,"HDFC Bank","Main Branch","Sai Bhatt",GSTHY0474I,20000,8000,1600,0,1250,2500,0,1,1,1,1,1,1,new,,new,,new,part_of_ctc,30,1,,"Star Health",POL-999,500000,,2025-10-27
BLK-0475,"Radhe Sarraf",FHA-010,"Pune Processing Plant",blk.radhe.475@example.com,8000000475,2001-09-28,2024-09-07,"Municipal Court Clerk",agency_contract,1,"76, Daanish Heights, Krishna Chowk Bhubhaneshwar - 186790",100000000475,HDFC0001234,"HDFC Bank","Main Branch","Radhe Sarraf",IISIW0475J,20000,8000,1600,0,1250,2500,0,1,1,1,1,1,1,new,,new,,new,part_of_ctc,30,1,,"Star Health",POL-999,500000,,2024-09-07
BLK-0476,"Chitra Desai",FHA-010,"Pune Processing Plant",blk.chitra.476@example.com,8000000476,1988-12-27,2024-12-20,"Soil Scientist",agency_contract,1,"51, Parveen Villas, Churchgate Gangtok - 556880",100000000476,HDFC0001234,"HDFC Bank","Main Branch","Chitra Desai",DTXJC0476J,20000,8000,1600,0,1250,2500,0,1,1,1,1,1,1,new,,new,,new,part_of_ctc,30,1,,"Star Health",POL-999,500000,,2024-12-20
BLK-0477,"Mukti Thaman",FHA-010,"Pune Processing Plant",blk.mukti.477@example.com,8000000477,1994-07-25,2026-04-16,"Recyclable Material Collector",agency_contract,1,"91, Himani Villas, Yeshwanthpura Warangal - 542848",100000000477,HDFC0001234,"HDFC Bank","Main Branch","Mukti Thaman",MFFUX0477Q,20000,8000,1600,0,1250,2500,0,1,1,1,1,1,1,new,,new,,new,part_of_ctc,30,1,,"Star Health",POL-999,500000,,2026-04-16
BLK-0478,"Jasmin Kashyap",FHA-010,"Pune Processing Plant",blk.jasmin.478@example.com,8000000478,1989-10-03,2025-09-18,Sculptor,agency_contract,1,"46, Ankita Nagar, Ajmer - 308504",100000000478,HDFC0001234,"HDFC Bank","Main Branch","Jasmin Kashyap",ENSMU0478F,20000,8000,1600,0,1250,2500,0,1,1,1,1,1,1,new,,new,,new,part_of_ctc,30,1,,"Star Health",POL-999,500000,,2025-09-18
BLK-0479,"Taahid Ahluwalia",FHA-010,"Pune Processing Plant",blk.taahid.479@example.com,8000000479,2002-04-06,2025-10-04,"Coating Machine Operator",agency_contract,1,"54, Model Town, Ranchi - 123680",100000000479,HDFC0001234,"HDFC Bank","Main Branch","Taahid Ahluwalia",XBQVG0479G,20000,8000,1600,0,1250,2500,0,1,1,1,1,1,1,new,,new,,new,part_of_ctc,30,1,,"Star Health",POL-999,500000,,2025-10-04
BLK-0480,"Kabeer Gera",FHA-010,"Pune Processing Plant",blk.kabeer.480@example.com,8000000480,1996-10-04,2025-09-24,"Transit Police OR Railroad Police",agency_contract,1,"90, RichaGarh, Kochi - 269189",100000000480,HDFC0001234,"HDFC Bank","Main Branch","Kabeer Gera",PACXF0480C,20000,8000,1600,0,1250,2500,0,1,1,1,1,1,1,new,,new,,new,part_of_ctc,30,1,,"Star Health",POL-999,500000,,2025-09-24
BLK-0481,"Mridula Jha",FHA-010,"Pune Processing Plant",blk.mridula.481@example.com,8000000481,1992-06-18,2026-06-02,Chiropractor,agency_contract,1,"18, RichaGarh, Udaipur - 296444",100000000481,HDFC0001234,"HDFC Bank","Main Branch","Mridula Jha",OJRLQ0481N,20000,8000,1600,0,1250,2500,0,1,1,1,1,1,1,new,,new,,new,part_of_ctc,30,1,,"Star Health",POL-999,500000,,2026-06-02
BLK-0482,"Mukund Sachar",FHA-010,"Pune Processing Plant",blk.mukund.482@example.com,8000000482,2001-10-13,2025-07-16,"Community Service Manager",agency_contract,1,"23, David Apartments, Deepesh Nagar Bikaner - 519187",100000000482,HDFC0001234,"HDFC Bank","Main Branch","Mukund Sachar",VLGMK0482W,20000,8000,1600,0,1250,2500,0,1,1,1,1,1,1,new,,new,,new,part_of_ctc,30,1,,"Star Health",POL-999,500000,,2025-07-16
BLK-0483,"Kailash Buch",FHA-010,"Pune Processing Plant",blk.kailash.483@example.com,8000000483,1990-04-10,2026-04-01,"Hairdresser OR Cosmetologist",agency_contract,1,"28, Megha Heights, Virar Kota - 506357",100000000483,HDFC0001234,"HDFC Bank","Main Branch","Kailash Buch",GJXRS0483A,20000,8000,1600,0,1250,2500,0,1,1,1,1,1,1,new,,new,,new,part_of_ctc,30,1,,"Star Health",POL-999,500000,,2026-04-01
BLK-0484,"Aarti Mitra",FHA-010,"Pune Processing Plant",blk.aarti.484@example.com,8000000484,1990-06-14,2025-03-19,"Tire Changer",agency_contract,1,"37, Uday Society, Vikhroli Jabalpur - 564245",100000000484,HDFC0001234,"HDFC Bank","Main Branch","Aarti Mitra",SROIN0484G,20000,8000,1600,0,1250,2500,0,1,1,1,1,1,1,new,,new,,new,part_of_ctc,30,1,,"Star Health",POL-999,500000,,2025-03-19
BLK-0485,"Priyanka Bala",FHA-010,"Pune Processing Plant",blk.priyanka.485@example.com,8000000485,1990-02-03,2026-04-27,"Career Counselor",agency_contract,1,"65, Alka Heights, Gulab Chowk Ahmedabad - 345507",100000000485,HDFC0001234,"HDFC Bank","Main Branch","Priyanka Bala",JJAVE0485V,20000,8000,1600,0,1250,2500,0,1,1,1,1,1,1,new,,new,,new,part_of_ctc,30,1,,"Star Health",POL-999,500000,,2026-04-27
BLK-0486,"Lakshmi Gade",FHA-010,"Pune Processing Plant",blk.lakshmi.486@example.com,8000000486,1989-08-03,2024-08-29,"Precision Dyer",agency_contract,1,"54, Harmada, Chandigarh - 161189",100000000486,HDFC0001234,"HDFC Bank","Main Branch","Lakshmi Gade",TONFU0486Y,20000,8000,1600,0,1250,2500,0,1,1,1,1,1,1,new,,new,,new,part_of_ctc,30,1,,"Star Health",POL-999,500000,,2024-08-29
BLK-0487,"Monica Zacharia",FHA-010,"Pune Processing Plant",blk.monica.487@example.com,8000000487,1986-09-20,2024-10-11,"Loading Machine Operator",agency_contract,1,"82, Marathahalli, Jaipur - 271568",100000000487,HDFC0001234,"HDFC Bank","Main Branch","Monica Zacharia",QDZBW0487M,20000,8000,1600,0,1250,2500,0,1,1,1,1,1,1,new,,new,,new,part_of_ctc,30,1,,"Star Health",POL-999,500000,,2024-10-11
BLK-0488,"Labeen Bal",FHA-010,"Pune Processing Plant",blk.labeen.488@example.com,8000000488,1987-06-10,2026-02-15,"Special Forces Officer",agency_contract,1,"92, Nagma Society, FerozGarh Ajmer - 126418",100000000488,HDFC0001234,"HDFC Bank","Main Branch","Labeen Bal",QZRZJ0488F,20000,8000,1600,0,1250,2500,0,1,1,1,1,1,1,new,,new,,new,part_of_ctc,30,1,,"Star Health",POL-999,500000,,2026-02-15
BLK-0489,"Sheetal Tak",FHA-010,"Pune Processing Plant",blk.sheetal.489@example.com,8000000489,2000-10-01,2026-01-13,"Roof Bolters Mining",agency_contract,1,"63, Varun Apartments, Kharadi Thiruvananthapuram - 322451",100000000489,HDFC0001234,"HDFC Bank","Main Branch","Sheetal Tak",LWEPW0489C,20000,8000,1600,0,1250,2500,0,1,1,1,1,1,1,new,,new,,new,part_of_ctc,30,1,,"Star Health",POL-999,500000,,2026-01-13
BLK-0490,"Hassan Meda",FHA-010,"Pune Processing Plant",blk.hassan.490@example.com,8000000490,2002-11-02,2025-06-18,"Insurance Policy Processing Clerk",agency_contract,1,"78, Seema Society, Borivali Agra - 240872",100000000490,HDFC0001234,"HDFC Bank","Main Branch","Hassan Meda",ONAYY0490F,20000,8000,1600,0,1250,2500,0,1,1,1,1,1,1,new,,new,,new,part_of_ctc,30,1,,"Star Health",POL-999,500000,,2025-06-18
BLK-0491,"Mukti Karan",FHA-010,"Pune Processing Plant",blk.mukti.491@example.com,8000000491,1989-12-29,2026-01-30,"Benefits Specialist",agency_contract,1,"12, HanumanPur, Kota - 579205",100000000491,HDFC0001234,"HDFC Bank","Main Branch","Mukti Karan",YQLPG0491N,20000,8000,1600,0,1250,2500,0,1,1,1,1,1,1,new,,new,,new,part_of_ctc,30,1,,"Star Health",POL-999,500000,,2026-01-30
BLK-0492,"Sunita Beharry",FHA-010,"Pune Processing Plant",blk.sunita.492@example.com,8000000492,1999-07-07,2026-04-23,"Poultry Cutter",agency_contract,1,"93, Rohini Apartments, AbbasGarh Kota - 315272",100000000492,HDFC0001234,"HDFC Bank","Main Branch","Sunita Beharry",BITVB0492L,20000,8000,1600,0,1250,2500,0,1,1,1,1,1,1,new,,new,,new,part_of_ctc,30,1,,"Star Health",POL-999,500000,,2026-04-23
BLK-0493,"Jawahar De",FHA-010,"Pune Processing Plant",blk.jawahar.493@example.com,8000000493,2002-05-01,2025-06-23,"Real Estate Appraiser",agency_contract,1,"38, Virar, Meerut - 465696",100000000493,HDFC0001234,"HDFC Bank","Main Branch","Jawahar De",TRBTH0493N,20000,8000,1600,0,1250,2500,0,1,1,1,1,1,1,new,,new,,new,part_of_ctc,30,1,,"Star Health",POL-999,500000,,2025-06-23
BLK-0494,"Astha Mangal",FHA-010,"Pune Processing Plant",blk.astha.494@example.com,8000000494,1991-02-05,2024-09-26,Baker,agency_contract,1,"51, ZeeshanGarh, Hisar - 210606",100000000494,HDFC0001234,"HDFC Bank","Main Branch","Astha Mangal",EDPAD0494G,20000,8000,1600,0,1250,2500,0,1,1,1,1,1,1,new,,new,,new,part_of_ctc,30,1,,"Star Health",POL-999,500000,,2024-09-26
BLK-0495,"Riddhi Kulkarni",FHA-010,"Pune Processing Plant",blk.riddhi.495@example.com,8000000495,1995-11-18,2026-03-24,"Program Director",agency_contract,1,"74, Abbas Apartments, Isha Chowk Kolkata - 463492",100000000495,HDFC0001234,"HDFC Bank","Main Branch","Riddhi Kulkarni",KNSVX0495M,20000,8000,1600,0,1250,2500,0,1,1,1,1,1,1,new,,new,,new,part_of_ctc,30,1,,"Star Health",POL-999,500000,,2026-03-24
BLK-0496,"Munaf Sharaf",FHA-010,"Pune Processing Plant",blk.munaf.496@example.com,8000000496,2002-03-31,2024-12-27,"Food Preparation Worker",agency_contract,1,"99, Surya Apartments, MadhuPur Delhi - 273661",100000000496,HDFC0001234,"HDFC Bank","Main Branch","Munaf Sharaf",LXEPB0496W,20000,8000,1600,0,1250,2500,0,1,1,1,1,1,1,new,,new,,new,part_of_ctc,30,1,,"Star Health",POL-999,500000,,2024-12-27
BLK-0497,"Richa Mohan",FHA-010,"Pune Processing Plant",blk.richa.497@example.com,8000000497,1997-05-21,2026-03-26,"Photoengraving Machine Operator",agency_contract,1,"56, Mohan Society, Chinchwad Hyderabad - 125818",100000000497,HDFC0001234,"HDFC Bank","Main Branch","Richa Mohan",KIOLF0497N,20000,8000,1600,0,1250,2500,0,1,1,1,1,1,1,new,,new,,new,part_of_ctc,30,1,,"Star Health",POL-999,500000,,2026-03-26
BLK-0498,"Giaan Sachdeva",FHA-010,"Pune Processing Plant",blk.giaan.498@example.com,8000000498,1995-12-15,2026-04-15,"Data Entry Operator",agency_contract,1,"64, Kormangala, Jabalpur - 586606",100000000498,HDFC0001234,"HDFC Bank","Main Branch","Giaan Sachdeva",TQOCN0498O,20000,8000,1600,0,1250,2500,0,1,1,1,1,1,1,new,,new,,new,part_of_ctc,30,1,,"Star Health",POL-999,500000,,2026-04-15
BLK-0499,"Chandni De",FHA-010,"Pune Processing Plant",blk.chandni.499@example.com,8000000499,1996-02-21,2025-02-19,"Electrical Drafter",agency_contract,1,"51, Chinchwad, Bhubhaneshwar - 337934",100000000499,HDFC0001234,"HDFC Bank","Main Branch","Chandni De",AUMLG0499B,20000,8000,1600,0,1250,2500,0,1,1,1,1,1,1,new,,new,,new,part_of_ctc,30,1,,"Star Health",POL-999,500000,,2025-02-19
BLK-0500,"Rachel Mohan",FHA-010,"Pune Processing Plant",blk.rachel.500@example.com,8000000500,1995-04-23,2025-07-29,"Mathematical Scientist",agency_contract,1,"76, Hinjewadi, Ludhiana - 300704",100000000500,HDFC0001234,"HDFC Bank","Main Branch","Rachel Mohan",SXZKV0500F,20000,8000,1600,0,1250,2500,0,1,1,1,1,1,1,new,,new,,new,part_of_ctc,30,1,,"Star Health",POL-999,500000,,2025-07-29
